-6.135,1420070400
-6.1,1420070460
-6.1,1420070520
-6.08,1420070580
-6.075,1420070640
-6.085,1420070700
-6.085,1420070760
-6.115,1420070820
-6.15,1420070880
-6.145,1420070940
-6.155,1420071000
-6.17,1420071060
-6.135,1420071120
-6.09,1420071180
-6.06,1420071240
-6.06,1420071300
-6.07,1420071360
-6.085,1420071420
-6.11,1420071480
-6.125,1420071540
-6.165,1420071600
-6.215,1420071660
-6.24,1420071720
-6.235,1420071780
-6.255,1420071840
-6.265,1420071900
-6.28,1420071960
-6.315,1420072020
-6.31,1420072080
-6.325,1420072140
-6.32,1420072200
-6.31,1420072260
-6.305,1420072320
-6.295,1420072380
-6.28,1420072440
-6.3,1420072500
-6.3,1420072560
-6.315,1420072620
-6.335,1420072680
-6.335,1420072740
-6.315,1420072800
-6.3,1420072860
-6.27,1420072920
-6.26,1420072980
-6.265,1420073040
-6.265,1420073100
-6.305,1420073160
-6.325,1420073220
-6.38,1420073280
-6.385,1420073340
-6.39,1420073400
-6.365,1420073460
-6.345,1420073520
-6.325,1420073580
-6.29,1420073640
-6.28,1420073700
-6.28,1420073760
-6.295,1420073820
-6.31,1420073880
-6.335,1420073940
-6.355,1420074000
-6.345,1420074060
-6.32,1420074120
-6.245,1420074180
-6.12,1420074240
-5.96,1420074300
-5.79,1420074360
-5.64,1420074420
-5.58,1420074480
-5.575,1420074540
-5.63,1420074600
-5.635,1420074660
-5.595,1420074720
-5.44,1420074780
-5.26,1420074840
-5.095,1420074900
-5.005,1420074960
-5.08,1420075020
-5.34,1420075080
-5.74,1420075140
-6.17,1420075200
-6.565,1420075260
-6.855,1420075320
-7.02,1420075380
-7.095,1420075440
-7.135,1420075500
-7.19,1420075560
-7.24,1420075620
-7.285,1420075680
-7.34,1420075740
-7.375,1420075800
-7.38,1420075860
-7.375,1420075920
-7.375,1420075980
-7.385,1420076040
-7.405,1420076100
-7.41,1420076160
-7.395,1420076220
-7.35,1420076280
-7.295,1420076340
-7.215,1420076400
-7.125,1420076460
-7.01,1420076520
-6.855,1420076580
-6.745,1420076640
-6.635,1420076700
-6.535,1420076760
-6.485,1420076820
-6.475,1420076880
-6.46,1420076940
-6.44,1420077000
-6.405,1420077060
-6.37,1420077120
-6.345,1420077180
-6.325,1420077240
-6.32,1420077300
-6.305,1420077360
-6.33,1420077420
-6.36,1420077480
-6.39,1420077540
-6.4,1420077600
-6.39,1420077660
-6.4,1420077720
-6.355,1420077780
-6.365,1420077840
-6.365,1420077900
-6.355,1420077960
-6.35,1420078020
-6.37,1420078080
-6.37,1420078140
-6.385,1420078200
-6.39,1420078260
-6.395,1420078320
-6.4,1420078380
-6.395,1420078440
-6.405,1420078500
-6.405,1420078560
-6.425,1420078620
-6.42,1420078680
-6.44,1420078740
-6.445,1420078800
-6.465,1420078860
-6.465,1420078920
-6.47,1420078980
-6.485,1420079040
-6.495,1420079100
-6.52,1420079160
-6.54,1420079220
-6.555,1420079280
-6.57,1420079340
-6.565,1420079400
-6.55,1420079460
-6.555,1420079520
-6.555,1420079580
-6.55,1420079640
-6.55,1420079700
-6.555,1420079760
-6.565,1420079820
-6.58,1420079880
-6.59,1420079940
-6.57,1420080000
-6.555,1420080060
-6.55,1420080120
-6.53,1420080180
-6.54,1420080240
-6.565,1420080300
-6.57,1420080360
-6.565,1420080420
-6.56,1420080480
-6.54,1420080540
-6.535,1420080600
-6.51,1420080660
-6.475,1420080720
-6.455,1420080780
-6.425,1420080840
-6.41,1420080900
-6.405,1420080960
-6.4,1420081020
-6.395,1420081080
-6.4,1420081140
-6.38,1420081200
-6.34,1420081260
-6.33,1420081320
-6.325,1420081380
-6.305,1420081440
-6.29,1420081500
-6.27,1420081560
-6.24,1420081620
-6.23,1420081680
-6.22,1420081740
-6.225,1420081800
-6.25,1420081860
-6.25,1420081920
-6.235,1420081980
-6.23,1420082040
-6.225,1420082100
-6.21,1420082160
-6.185,1420082220
-6.155,1420082280
-6.135,1420082340
-6.16,1420082400
-6.185,1420082460
-6.185,1420082520
-6.225,1420082580
-6.23,1420082640
-6.22,1420082700
-6.22,1420082760
-6.2,1420082820
-6.18,1420082880
-6.16,1420082940
-6.15,1420083000
-6.15,1420083060
-6.16,1420083120
-6.185,1420083180
-6.225,1420083240
-6.235,1420083300
-6.235,1420083360
-6.235,1420083420
-6.235,1420083480
-6.225,1420083540
-6.195,1420083600
-6.195,1420083660
-6.195,1420083720
-6.18,1420083780
-6.195,1420083840
-6.215,1420083900
-6.245,1420083960
-6.28,1420084020
-6.305,1420084080
-6.3,1420084140
-6.28,1420084200
-6.26,1420084260
-6.235,1420084320
-6.225,1420084380
-6.22,1420084440
-6.225,1420084500
-6.23,1420084560
-6.23,1420084620
-6.23,1420084680
-6.235,1420084740
-6.23,1420084800
-6.235,1420084860
-6.25,1420084920
-6.255,1420084980
-6.25,1420085040
-6.25,1420085100
-6.23,1420085160
-6.225,1420085220
-6.225,1420085280
-6.205,1420085340
-6.2,1420085400
-6.21,1420085460
-6.215,1420085520
-6.225,1420085580
-6.235,1420085640
-6.24,1420085700
-6.24,1420085760
-6.24,1420085820
-6.215,1420085880
-6.21,1420085940
-6.235,1420086000
-6.23,1420086060
-6.23,1420086120
-6.215,1420086180
-6.22,1420086240
-6.215,1420086300
-6.215,1420086360
-6.225,1420086420
-6.225,1420086480
-6.225,1420086540
-6.2,1420086600
-6.175,1420086660
-6.17,1420086720
-6.195,1420086780
-6.215,1420086840
-6.255,1420086900
-6.255,1420086960
-6.25,1420087020
-6.245,1420087080
-6.25,1420087140
-6.215,1420087200
-6.195,1420087260
-6.18,1420087320
-6.175,1420087380
-6.17,1420087440
-6.175,1420087500
-6.195,1420087560
-6.195,1420087620
-6.2,1420087680
-6.19,1420087740
-6.195,1420087800
-6.19,1420087860
-6.16,1420087920
-6.16,1420087980
-6.135,1420088040
-6.12,1420088100
-6.13,1420088160
-6.12,1420088220
-6.125,1420088280
-6.1,1420088340
-6.095,1420088400
-6.06,1420088460
-6.045,1420088520
-6.005,1420088580
-5.98,1420088640
-5.985,1420088700
-6.015,1420088760
-6.04,1420088820
-6.065,1420088880
-6.085,1420088940
-6.09,1420089000
-6.11,1420089060
-6.11,1420089120
-6.115,1420089180
-6.095,1420089240
-6.065,1420089300
-6.04,1420089360
-6.005,1420089420
-5.98,1420089480
-5.995,1420089540
-6.04,1420089600
-6.08,1420089660
-6.1,1420089720
-6.12,1420089780
-6.15,1420089840
-6.16,1420089900
-6.17,1420089960
-6.195,1420090020
-6.2,1420090080
-6.205,1420090140
-6.195,1420090200
-6.185,1420090260
-6.175,1420090320
-6.185,1420090380
-6.21,1420090440
-6.245,1420090500
-6.28,1420090560
-6.305,1420090620
-6.32,1420090680
-6.295,1420090740
-6.27,1420090800
-6.245,1420090860
-6.23,1420090920
-6.225,1420090980
-6.25,1420091040
-6.25,1420091100
-6.25,1420091160
-6.255,1420091220
-6.26,1420091280
-6.26,1420091340
-6.27,1420091400
-6.285,1420091460
-6.28,1420091520
-6.275,1420091580
-6.265,1420091640
-6.215,1420091700
-6.215,1420091760
-6.2,1420091820
-6.205,1420091880
-6.23,1420091940
-6.245,1420092000
-6.27,1420092060
-6.3,1420092120
-6.29,1420092180
-6.29,1420092240
-6.24,1420092300
-6.165,1420092360
-6.05,1420092420
-5.89,1420092480
-5.73,1420092540
-5.57,1420092600
-5.47,1420092660
-5.435,1420092720
-5.455,1420092780
-5.505,1420092840
-5.505,1420092900
-5.455,1420092960
-5.345,1420093020
-5.185,1420093080
-5.015,1420093140
-4.935,1420093200
-4.94,1420093260
-5.115,1420093320
-5.465,1420093380
-5.885,1420093440
-6.325,1420093500
-6.695,1420093560
-6.955,1420093620
-7.095,1420093680
-7.17,1420093740
-7.21,1420093800
-7.23,1420093860
-7.265,1420093920
-7.3,1420093980
-7.31,1420094040
-7.335,1420094100
-7.325,1420094160
-7.295,1420094220
-7.28,1420094280
-7.265,1420094340
-7.235,1420094400
-7.205,1420094460
-7.175,1420094520
-7.145,1420094580
-7.08,1420094640
-6.975,1420094700
-6.835,1420094760
-6.685,1420094820
-6.57,1420094880
-6.475,1420094940
-6.42,1420095000
-6.37,1420095060
-6.35,1420095120
-6.355,1420095180
-6.35,1420095240
-6.345,1420095300
-6.36,1420095360
-6.36,1420095420
-6.365,1420095480
-6.35,1420095540
-6.34,1420095600
-6.33,1420095660
-6.325,1420095720
-6.33,1420095780
-6.29,1420095840
-6.285,1420095900
-6.29,1420095960
-6.295,1420096020
-6.31,1420096080
-6.32,1420096140
-6.33,1420096200
-6.34,1420096260
-6.345,1420096320
-6.34,1420096380
-6.345,1420096440
-6.345,1420096500
-6.335,1420096560
-6.35,1420096620
-6.33,1420096680
-6.345,1420096740
-6.39,1420096800
-6.395,1420096860
-6.405,1420096920
-6.42,1420096980
-6.425,1420097040
-6.435,1420097100
-6.455,1420097160
-6.48,1420097220
-6.5,1420097280
-6.5,1420097340
-6.485,1420097400
-6.475,1420097460
-6.45,1420097520
-6.465,1420097580
-6.48,1420097640
-6.495,1420097700
-6.505,1420097760
-6.535,1420097820
-6.565,1420097880
-6.57,1420097940
-6.555,1420098000
-6.535,1420098060
-6.53,1420098120
-6.51,1420098180
-6.505,1420098240
-6.48,1420098300
-6.5,1420098360
-6.515,1420098420
-6.525,1420098480
-6.535,1420098540
-6.56,1420098600
-6.54,1420098660
-6.52,1420098720
-6.5,1420098780
-6.47,1420098840
-6.425,1420098900
-6.415,1420098960
-6.415,1420099020
-6.405,1420099080
-6.4,1420099140
-6.405,1420099200
-6.395,1420099260
-6.375,1420099320
-6.35,1420099380
-6.325,1420099440
-6.31,1420099500
-6.27,1420099560
-6.255,1420099620
-6.23,1420099680
-6.21,1420099740
-6.19,1420099800
-6.19,1420099860
-6.2,1420099920
-6.21,1420099980
-6.22,1420100040
-6.225,1420100100
-6.19,1420100160
-6.185,1420100220
-6.175,1420100280
-6.15,1420100340
-6.14,1420100400
-6.16,1420100460
-6.165,1420100520
-6.185,1420100580
-6.19,1420100640
-6.185,1420100700
-6.175,1420100760
-6.155,1420100820
-6.145,1420100880
-6.145,1420100940
-6.145,1420101000
-6.145,1420101060
-6.16,1420101120
-6.17,1420101180
-6.175,1420101240
-6.155,1420101300
-6.15,1420101360
-6.155,1420101420
-6.175,1420101480
-6.175,1420101540
-6.185,1420101600
-6.175,1420101660
-6.19,1420101720
-6.17,1420101780
-6.175,1420101840
-6.17,1420101900
-6.165,1420101960
-6.19,1420102020
-6.185,1420102080
-6.2,1420102140
-6.2,1420102200
-6.185,1420102260
-6.165,1420102320
-6.175,1420102380
-6.165,1420102440
-6.17,1420102500
-6.155,1420102560
-6.165,1420102620
-6.19,1420102680
-6.185,1420102740
-6.2,1420102800
-6.195,1420102860
-6.195,1420102920
-6.175,1420102980
-6.17,1420103040
-6.155,1420103100
-6.145,1420103160
-6.125,1420103220
-6.12,1420103280
-6.115,1420103340
-6.11,1420103400
-6.11,1420103460
-6.125,1420103520
-6.145,1420103580
-6.165,1420103640
-6.175,1420103700
-6.175,1420103760
-6.17,1420103820
-6.15,1420103880
-6.13,1420103940
-6.115,1420104000
-6.1,1420104060
-6.105,1420104120
-6.135,1420104180
-6.16,1420104240
-6.18,1420104300
-6.18,1420104360
-6.175,1420104420
-6.155,1420104480
-6.135,1420104540
-6.115,1420104600
-6.1,1420104660
-6.085,1420104720
-6.11,1420104780
-6.105,1420104840
-6.11,1420104900
-6.115,1420104960
-6.13,1420105020
-6.125,1420105080
-6.12,1420105140
-6.105,1420105200
-6.095,1420105260
-6.07,1420105320
-6.075,1420105380
-6.08,1420105440
-6.08,1420105500
-6.095,1420105560
-6.085,1420105620
-6.08,1420105680
-6.095,1420105740
-6.07,1420105800
-6.065,1420105860
-6.05,1420105920
-6.02,1420105980
-6.015,1420106040
-5.99,1420106100
-5.985,1420106160
-5.96,1420106220
-5.965,1420106280
-5.96,1420106340
-5.98,1420106400
-5.965,1420106460
-5.955,1420106520
-5.945,1420106580
-5.915,1420106640
-5.905,1420106700
-5.93,1420106760
-5.955,1420106820
-5.975,1420106880
-5.98,1420106940
-5.99,1420107000
-5.995,1420107060
-6.015,1420107120
-6.015,1420107180
-6.015,1420107240
-6.005,1420107300
-5.965,1420107360
-5.95,1420107420
-5.915,1420107480
-5.885,1420107540
-5.87,1420107600
-5.905,1420107660
-5.915,1420107720
-5.95,1420107780
-5.99,1420107840
-6.045,1420107900
-6.08,1420107960
-6.06,1420108020
-6.065,1420108080
-6.03,1420108140
-6.02,1420108200
-6.01,1420108260
-6.035,1420108320
-6.055,1420108380
-6.08,1420108440
-6.135,1420108500
-6.155,1420108560
-6.175,1420108620
-6.19,1420108680
-6.17,1420108740
-6.135,1420108800
-6.125,1420108860
-6.12,1420108920
-6.105,1420108980
-6.12,1420109040
-6.12,1420109100
-6.15,1420109160
-6.15,1420109220
-6.155,1420109280
-6.175,1420109340
-6.18,1420109400
-6.185,1420109460
-6.185,1420109520
-6.155,1420109580
-6.145,1420109640
-6.125,1420109700
-6.115,1420109760
-6.115,1420109820
-6.12,1420109880
-6.125,1420109940
-6.15,1420110000
-6.155,1420110060
-6.16,1420110120
-6.175,1420110180
-6.17,1420110240
-6.18,1420110300
-6.175,1420110360
-6.175,1420110420
-6.17,1420110480
-6.15,1420110540
-6.07,1420110600
-5.965,1420110660
-5.845,1420110720
-5.735,1420110780
-5.625,1420110840
-5.56,1420110900
-5.535,1420110960
-5.535,1420111020
-5.54,1420111080
-5.515,1420111140
-5.39,1420111200
-5.25,1420111260
-5.075,1420111320
-4.935,1420111380
-4.9,1420111440
-5.01,1420111500
-5.295,1420111560
-5.67,1420111620
-6.065,1420111680
-6.385,1420111740
-6.625,1420111800
-6.775,1420111860
-6.84,1420111920
-6.895,1420111980
-6.945,1420112040
-6.995,1420112100
-7.035,1420112160
-7.07,1420112220
-7.085,1420112280
-7.08,1420112340
-7.075,1420112400
-7.045,1420112460
-7.05,1420112520
-7.045,1420112580
-7.035,1420112640
-7.02,1420112700
-7,1420112760
-6.925,1420112820
-6.825,1420112880
-6.695,1420112940
-6.58,1420113000
-6.5,1420113060
-6.425,1420113120
-6.365,1420113180
-6.325,1420113240
-6.27,1420113300
-6.26,1420113360
-6.235,1420113420
-6.225,1420113480
-6.215,1420113540
-6.195,1420113600
-6.195,1420113660
-6.18,1420113720
-6.195,1420113780
-6.21,1420113840
-6.22,1420113900
-6.22,1420113960
-6.225,1420114020
-6.23,1420114080
-6.225,1420114140
-6.21,1420114200
-6.215,1420114260
-6.205,1420114320
-6.215,1420114380
-6.225,1420114440
-6.23,1420114500
-6.23,1420114560
-6.245,1420114620
-6.23,1420114680
-6.235,1420114740
-6.22,1420114800
-6.245,1420114860
-6.26,1420114920
-6.285,1420114980
-6.3,1420115040
-6.305,1420115100
-6.31,1420115160
-6.325,1420115220
-6.31,1420115280
-6.315,1420115340
-6.33,1420115400
-6.345,1420115460
-6.355,1420115520
-6.34,1420115580
-6.37,1420115640
-6.375,1420115700
-6.375,1420115760
-6.38,1420115820
-6.39,1420115880
-6.41,1420115940
-6.425,1420116000
-6.435,1420116060
-6.435,1420116120
-6.41,1420116180
-6.41,1420116240
-6.43,1420116300
-6.42,1420116360
-6.445,1420116420
-6.48,1420116480
-6.455,1420116540
-6.48,1420116600
-6.465,1420116660
-6.45,1420116720
-6.43,1420116780
-6.415,1420116840
-6.385,1420116900
-6.375,1420116960
-6.35,1420117020
-6.335,1420117080
-6.36,1420117140
-6.36,1420117200
-6.35,1420117260
-6.34,1420117320
-6.32,1420117380
-6.295,1420117440
-6.255,1420117500
-6.235,1420117560
-6.205,1420117620
-6.195,1420117680
-6.2,1420117740
-6.19,1420117800
-6.185,1420117860
-6.16,1420117920
-6.145,1420117980
-6.135,1420118040
-6.12,1420118100
-6.11,1420118160
-6.11,1420118220
-6.105,1420118280
-6.085,1420118340
-6.08,1420118400
-6.065,1420118460
-6.05,1420118520
-6.05,1420118580
-6.065,1420118640
-6.08,1420118700
-6.08,1420118760
-6.105,1420118820
-6.105,1420118880
-6.08,1420118940
-6.065,1420119000
-6.02,1420119060
-6.02,1420119120
-6.03,1420119180
-6.06,1420119240
-6.075,1420119300
-6.11,1420119360
-6.1,1420119420
-6.105,1420119480
-6.1,1420119540
-6.11,1420119600
-6.085,1420119660
-6.08,1420119720
-6.065,1420119780
-6.065,1420119840
-6.055,1420119900
-6.05,1420119960
-6.05,1420120020
-6.055,1420120080
-6.085,1420120140
-6.09,1420120200
-6.09,1420120260
-6.09,1420120320
-6.105,1420120380
-6.095,1420120440
-6.085,1420120500
-6.085,1420120560
-6.085,1420120620
-6.09,1420120680
-6.09,1420120740
-6.095,1420120800
-6.085,1420120860
-6.1,1420120920
-6.07,1420120980
-6.07,1420121040
-6.055,1420121100
-6.065,1420121160
-6.045,1420121220
-6.045,1420121280
-6.045,1420121340
-6.055,1420121400
-6.055,1420121460
-6.08,1420121520
-6.08,1420121580
-6.08,1420121640
-6.1,1420121700
-6.08,1420121760
-6.075,1420121820
-6.07,1420121880
-6.05,1420121940
-6.06,1420122000
-6.075,1420122060
-6.06,1420122120
-6.055,1420122180
-6.08,1420122240
-6.065,1420122300
-6.07,1420122360
-6.045,1420122420
-6.005,1420122480
-5.99,1420122540
-5.99,1420122600
-5.97,1420122660
-5.97,1420122720
-5.96,1420122780
-5.965,1420122840
-5.975,1420122900
-5.965,1420122960
-5.975,1420123020
-5.975,1420123080
-5.95,1420123140
-5.96,1420123200
-5.945,1420123260
-5.935,1420123320
-5.91,1420123380
-5.91,1420123440
-5.905,1420123500
-5.905,1420123560
-5.895,1420123620
-5.895,1420123680
-5.92,1420123740
-5.905,1420123800
-5.89,1420123860
-5.875,1420123920
-5.85,1420123980
-5.83,1420124040
-5.835,1420124100
-5.81,1420124160
-5.81,1420124220
-5.825,1420124280
-5.815,1420124340
-5.82,1420124400
-5.82,1420124460
-5.795,1420124520
-5.775,1420124580
-5.75,1420124640
-5.725,1420124700
-5.7,1420124760
-5.68,1420124820
-5.655,1420124880
-5.665,1420124940
-5.67,1420125000
-5.725,1420125060
-5.75,1420125120
-5.78,1420125180
-5.805,1420125240
-5.815,1420125300
-5.81,1420125360
-5.79,1420125420
-5.77,1420125480
-5.725,1420125540
-5.69,1420125600
-5.66,1420125660
-5.66,1420125720
-5.69,1420125780
-5.735,1420125840
-5.775,1420125900
-5.82,1420125960
-5.83,1420126020
-5.855,1420126080
-5.845,1420126140
-5.84,1420126200
-5.83,1420126260
-5.84,1420126320
-5.84,1420126380
-5.84,1420126440
-5.885,1420126500
-5.895,1420126560
-5.925,1420126620
-5.93,1420126680
-5.93,1420126740
-5.905,1420126800
-5.9,1420126860
-5.885,1420126920
-5.87,1420126980
-5.865,1420127040
-5.86,1420127100
-5.865,1420127160
-5.86,1420127220
-5.86,1420127280
-5.87,1420127340
-5.86,1420127400
-5.87,1420127460
-5.86,1420127520
-5.85,1420127580
-5.835,1420127640
-5.84,1420127700
-5.855,1420127760
-5.86,1420127820
-5.855,1420127880
-5.86,1420127940
-5.865,1420128000
-5.88,1420128060
-5.865,1420128120
-5.87,1420128180
-5.88,1420128240
-5.885,1420128300
-5.9,1420128360
-5.88,1420128420
-5.83,1420128480
-5.745,1420128540
-5.615,1420128600
-5.485,1420128660
-5.365,1420128720
-5.265,1420128780
-5.235,1420128840
-5.22,1420128900
-5.215,1420128960
-5.155,1420129020
-5.045,1420129080
-4.88,1420129140
-4.705,1420129200
-4.58,1420129260
-4.555,1420129320
-4.675,1420129380
-4.945,1420129440
-5.335,1420129500
-5.75,1420129560
-6.12,1420129620
-6.375,1420129680
-6.5,1420129740
-6.58,1420129800
-6.625,1420129860
-6.685,1420129920
-6.76,1420129980
-6.815,1420130040
-6.86,1420130100
-6.895,1420130160
-6.905,1420130220
-6.925,1420130280
-6.92,1420130340
-6.91,1420130400
-6.895,1420130460
-6.895,1420130520
-6.855,1420130580
-6.825,1420130640
-6.755,1420130700
-6.69,1420130760
-6.615,1420130820
-6.48,1420130880
-6.375,1420130940
-6.265,1420131000
-6.165,1420131060
-6.09,1420131120
-6.025,1420131180
-6,1420131240
-5.985,1420131300
-5.99,1420131360
-5.99,1420131420
-5.98,1420131480
-5.985,1420131540
-5.97,1420131600
-5.955,1420131660
-5.96,1420131720
-5.95,1420131780
-5.96,1420131840
-5.94,1420131900
-5.935,1420131960
-5.93,1420132020
-5.94,1420132080
-5.94,1420132140
-5.94,1420132200
-5.96,1420132260
-5.965,1420132320
-5.985,1420132380
-6,1420132440
-5.985,1420132500
-5.98,1420132560
-5.97,1420132620
-5.96,1420132680
-5.98,1420132740
-5.96,1420132800
-5.99,1420132860
-6.005,1420132920
-6.025,1420132980
-6.03,1420133040
-6.05,1420133100
-6.065,1420133160
-6.065,1420133220
-6.1,1420133280
-6.095,1420133340
-6.085,1420133400
-6.105,1420133460
-6.09,1420133520
-6.105,1420133580
-6.12,1420133640
-6.135,1420133700
-6.145,1420133760
-6.145,1420133820
-6.15,1420133880
-6.155,1420133940
-6.165,1420134000
-6.16,1420134060
-6.165,1420134120
-6.18,1420134180
-6.165,1420134240
-6.16,1420134300
-6.165,1420134360
-6.18,1420134420
-6.185,1420134480
-6.19,1420134540
-6.18,1420134600
-6.195,1420134660
-6.19,1420134720
-6.175,1420134780
-6.145,1420134840
-6.11,1420134900
-6.095,1420134960
-6.07,1420135020
-6.055,1420135080
-6.045,1420135140
-6.04,1420135200
-6.025,1420135260
-6.02,1420135320
-5.99,1420135380
-5.955,1420135440
-5.945,1420135500
-5.93,1420135560
-5.895,1420135620
-5.885,1420135680
-5.875,1420135740
-5.865,1420135800
-5.865,1420135860
-5.86,1420135920
-5.85,1420135980
-5.85,1420136040
-5.845,1420136100
-5.835,1420136160
-5.815,1420136220
-5.805,1420136280
-5.795,1420136340
-5.785,1420136400
-5.79,1420136460
-5.79,1420136520
-5.79,1420136580
-5.79,1420136640
-5.81,1420136700
-5.81,1420136760
-5.8,1420136820
-5.785,1420136880
-5.78,1420136940
-5.775,1420137000
-5.765,1420137060
-5.76,1420137120
-5.76,1420137180
-5.765,1420137240
-5.77,1420137300
-5.795,1420137360
-5.81,1420137420
-5.83,1420137480
-5.81,1420137540
-5.795,1420137600
-5.78,1420137660
-5.77,1420137720
-5.765,1420137780
-5.77,1420137840
-5.78,1420137900
-5.815,1420137960
-5.81,1420138020
-5.825,1420138080
-5.83,1420138140
-5.845,1420138200
-5.865,1420138260
-5.855,1420138320
-5.84,1420138380
-5.84,1420138440
-5.845,1420138500
-5.82,1420138560
-5.825,1420138620
-5.82,1420138680
-5.835,1420138740
-5.835,1420138800
-5.855,1420138860
-5.865,1420138920
-5.85,1420138980
-5.85,1420139040
-5.83,1420139100
-5.82,1420139160
-5.81,1420139220
-5.8,1420139280
-5.79,1420139340
-5.8,1420139400
-5.81,1420139460
-5.83,1420139520
-5.86,1420139580
-5.865,1420139640
-5.855,1420139700
-5.845,1420139760
-5.825,1420139820
-5.825,1420139880
-5.805,1420139940
-5.8,1420140000
-5.795,1420140060
-5.795,1420140120
-5.81,1420140180
-5.82,1420140240
-5.83,1420140300
-5.845,1420140360
-5.825,1420140420
-5.82,1420140480
-5.815,1420140540
-5.82,1420140600
-5.815,1420140660
-5.82,1420140720
-5.825,1420140780
-5.825,1420140840
-5.83,1420140900
-5.85,1420140960
-5.84,1420141020
-5.85,1420141080
-5.845,1420141140
-5.845,1420141200
-5.825,1420141260
-5.81,1420141320
-5.795,1420141380
-5.785,1420141440
-5.8,1420141500
-5.8,1420141560
-5.81,1420141620
-5.81,1420141680
-5.815,1420141740
-5.815,1420141800
-5.81,1420141860
-5.81,1420141920
-5.78,1420141980
-5.77,1420142040
-5.75,1420142100
-5.74,1420142160
-5.74,1420142220
-5.735,1420142280
-5.735,1420142340
-5.74,1420142400
-5.75,1420142460
-5.755,1420142520
-5.755,1420142580
-5.735,1420142640
-5.705,1420142700
-5.65,1420142760
-5.62,1420142820
-5.59,1420142880
-5.605,1420142940
-5.625,1420143000
-5.655,1420143060
-5.665,1420143120
-5.705,1420143180
-5.735,1420143240
-5.755,1420143300
-5.74,1420143360
-5.695,1420143420
-5.68,1420143480
-5.645,1420143540
-5.615,1420143600
-5.625,1420143660
-5.625,1420143720
-5.635,1420143780
-5.63,1420143840
-5.645,1420143900
-5.68,1420143960
-5.71,1420144020
-5.735,1420144080
-5.775,1420144140
-5.78,1420144200
-5.8,1420144260
-5.825,1420144320
-5.825,1420144380
-5.85,1420144440
-5.865,1420144500
-5.865,1420144560
-5.895,1420144620
-5.905,1420144680
-5.92,1420144740
-5.93,1420144800
-5.9,1420144860
-5.89,1420144920
-5.885,1420144980
-5.875,1420145040
-5.885,1420145100
-5.875,1420145160
-5.87,1420145220
-5.87,1420145280
-5.86,1420145340
-5.85,1420145400
-5.87,1420145460
-5.875,1420145520
-5.87,1420145580
-5.865,1420145640
-5.86,1420145700
-5.885,1420145760
-5.89,1420145820
-5.88,1420145880
-5.895,1420145940
-5.91,1420146000
-5.92,1420146060
-5.915,1420146120
-5.9,1420146180
-5.88,1420146240
-5.87,1420146300
-5.88,1420146360
-5.88,1420146420
-5.885,1420146480
-5.85,1420146540
-5.83,1420146600
-5.76,1420146660
-5.655,1420146720
-5.535,1420146780
-5.39,1420146840
-5.255,1420146900
-5.165,1420146960
-5.13,1420147020
-5.16,1420147080
-5.17,1420147140
-5.145,1420147200
-5.065,1420147260
-4.955,1420147320
-4.81,1420147380
-4.69,1420147440
-4.63,1420147500
-4.7,1420147560
-4.915,1420147620
-5.28,1420147680
-5.695,1420147740
-6.09,1420147800
-6.4,1420147860
-6.58,1420147920
-6.67,1420147980
-6.73,1420148040
-6.785,1420148100
-6.82,1420148160
-6.86,1420148220
-6.88,1420148280
-6.92,1420148340
-6.945,1420148400
-6.935,1420148460
-6.945,1420148520
-6.935,1420148580
-6.93,1420148640
-6.915,1420148700
-6.89,1420148760
-6.865,1420148820
-6.805,1420148880
-6.735,1420148940
-6.61,1420149000
-6.455,1420149060
-6.31,1420149120
-6.145,1420149180
-6.03,1420149240
-5.965,1420149300
-5.94,1420149360
-5.95,1420149420
-5.975,1420149480
-5.98,1420149540
-5.985,1420149600
-5.99,1420149660
-5.98,1420149720
-5.975,1420149780
-5.95,1420149840
-5.93,1420149900
-5.925,1420149960
-5.925,1420150020
-5.92,1420150080
-5.925,1420150140
-5.915,1420150200
-5.92,1420150260
-5.93,1420150320
-5.945,1420150380
-5.965,1420150440
-5.965,1420150500
-5.945,1420150560
-5.95,1420150620
-5.96,1420150680
-5.965,1420150740
-5.985,1420150800
-6.005,1420150860
-6.01,1420150920
-6.005,1420150980
-6.015,1420151040
-6.04,1420151100
-6.045,1420151160
-6.055,1420151220
-6.075,1420151280
-6.07,1420151340
-6.065,1420151400
-6.08,1420151460
-6.08,1420151520
-6.095,1420151580
-6.105,1420151640
-6.12,1420151700
-6.15,1420151760
-6.165,1420151820
-6.165,1420151880
-6.17,1420151940
-6.2,1420152000
-6.175,1420152060
-6.18,1420152120
-6.175,1420152180
-6.165,1420152240
-6.195,1420152300
-6.18,1420152360
-6.19,1420152420
-6.2,1420152480
-6.21,1420152540
-6.2,1420152600
-6.205,1420152660
-6.2,1420152720
-6.2,1420152780
-6.185,1420152840
-6.18,1420152900
-6.155,1420152960
-6.155,1420153020
-6.135,1420153080
-6.145,1420153140
-6.145,1420153200
-6.115,1420153260
-6.09,1420153320
-6.075,1420153380
-6.07,1420153440
-6.065,1420153500
-6.025,1420153560
-6.025,1420153620
-5.99,1420153680
-5.975,1420153740
-5.955,1420153800
-5.935,1420153860
-5.93,1420153920
-5.95,1420153980
-5.935,1420154040
-5.945,1420154100
-5.925,1420154160
-5.925,1420154220
-5.915,1420154280
-5.905,1420154340
-5.895,1420154400
-5.89,1420154460
-5.88,1420154520
-5.885,1420154580
-5.87,1420154640
-5.885,1420154700
-5.88,1420154760
-5.88,1420154820
-5.855,1420154880
-5.855,1420154940
-5.855,1420155000
-5.85,1420155060
-5.845,1420155120
-5.85,1420155180
-5.845,1420155240
-5.855,1420155300
-5.87,1420155360
-5.87,1420155420
-5.9,1420155480
-5.88,1420155540
-5.87,1420155600
-5.88,1420155660
-5.86,1420155720
-5.85,1420155780
-5.825,1420155840
-5.835,1420155900
-5.84,1420155960
-5.87,1420156020
-5.89,1420156080
-5.905,1420156140
-5.905,1420156200
-5.9,1420156260
-5.895,1420156320
-5.88,1420156380
-5.865,1420156440
-5.855,1420156500
-5.85,1420156560
-5.86,1420156620
-5.865,1420156680
-5.895,1420156740
-5.91,1420156800
-5.925,1420156860
-5.94,1420156920
-5.925,1420156980
-5.905,1420157040
-5.895,1420157100
-5.885,1420157160
-5.92,1420157220
-5.915,1420157280
-5.915,1420157340
-5.915,1420157400
-5.92,1420157460
-5.915,1420157520
-5.925,1420157580
-5.925,1420157640
-5.915,1420157700
-5.92,1420157760
-5.92,1420157820
-5.905,1420157880
-5.89,1420157940
-5.88,1420158000
-5.885,1420158060
-5.885,1420158120
-5.89,1420158180
-5.91,1420158240
-5.915,1420158300
-5.91,1420158360
-5.9,1420158420
-5.87,1420158480
-5.875,1420158540
-5.855,1420158600
-5.865,1420158660
-5.85,1420158720
-5.85,1420158780
-5.855,1420158840
-5.875,1420158900
-5.865,1420158960
-5.89,1420159020
-5.9,1420159080
-5.87,1420159140
-5.87,1420159200
-5.855,1420159260
-5.855,1420159320
-5.855,1420159380
-5.845,1420159440
-5.845,1420159500
-5.855,1420159560
-5.85,1420159620
-5.84,1420159680
-5.85,1420159740
-5.835,1420159800
-5.8,1420159860
-5.795,1420159920
-5.775,1420159980
-5.75,1420160040
-5.75,1420160100
-5.745,1420160160
-5.76,1420160220
-5.735,1420160280
-5.74,1420160340
-5.725,1420160400
-5.75,1420160460
-5.73,1420160520
-5.74,1420160580
-5.745,1420160640
-5.745,1420160700
-5.75,1420160760
-5.76,1420160820
-5.75,1420160880
-5.735,1420160940
-5.7,1420161000
-5.69,1420161060
-5.69,1420161120
-5.73,1420161180
-5.76,1420161240
-5.795,1420161300
-5.815,1420161360
-5.82,1420161420
-5.83,1420161480
-5.83,1420161540
-5.825,1420161600
-5.84,1420161660
-5.855,1420161720
-5.885,1420161780
-5.925,1420161840
-5.945,1420161900
-5.96,1420161960
-5.98,1420162020
-5.985,1420162080
-5.965,1420162140
-5.95,1420162200
-5.92,1420162260
-5.905,1420162320
-5.915,1420162380
-5.915,1420162440
-5.93,1420162500
-5.96,1420162560
-5.99,1420162620
-5.995,1420162680
-6.025,1420162740
-6.03,1420162800
-6.025,1420162860
-6,1420162920
-5.96,1420162980
-5.945,1420163040
-5.915,1420163100
-5.91,1420163160
-5.925,1420163220
-5.94,1420163280
-5.955,1420163340
-5.955,1420163400
-5.96,1420163460
-5.94,1420163520
-5.93,1420163580
-5.935,1420163640
-5.965,1420163700
-6.005,1420163760
-6.025,1420163820
-6.02,1420163880
-5.95,1420163940
-5.83,1420164000
-5.71,1420164060
-5.57,1420164120
-5.44,1420164180
-5.39,1420164240
-5.39,1420164300
-5.41,1420164360
-5.41,1420164420
-5.355,1420164480
-5.2,1420164540
-5.02,1420164600
-4.8,1420164660
-4.665,1420164720
-4.66,1420164780
-4.825,1420164840
-5.14,1420164900
-5.55,1420164960
-5.955,1420165020
-6.29,1420165080
-6.485,1420165140
-6.61,1420165200
-6.69,1420165260
-6.75,1420165320
-6.825,1420165380
-6.895,1420165440
-6.95,1420165500
-7,1420165560
-7.02,1420165620
-7.015,1420165680
-6.98,1420165740
-6.95,1420165800
-6.925,1420165860
-6.91,1420165920
-6.895,1420165980
-6.86,1420166040
-6.81,1420166100
-6.735,1420166160
-6.66,1420166220
-6.555,1420166280
-6.46,1420166340
-6.295,1420166400
-6.17,1420166460
-6.08,1420166520
-6.045,1420166580
-6.03,1420166640
-6.02,1420166700
-6.015,1420166760
-6.005,1420166820
-5.995,1420166880
-5.99,1420166940
-5.975,1420167000
-6,1420167060
-6,1420167120
-6.01,1420167180
-5.99,1420167240
-5.99,1420167300
-5.985,1420167360
-5.98,1420167420
-5.99,1420167480
-6.035,1420167540
-6.04,1420167600
-6.03,1420167660
-6.04,1420167720
-6.01,1420167780
-6,1420167840
-6,1420167900
-5.99,1420167960
-5.995,1420168020
-6,1420168080
-6.01,1420168140
-6.035,1420168200
-6.07,1420168260
-6.095,1420168320
-6.11,1420168380
-6.115,1420168440
-6.125,1420168500
-6.12,1420168560
-6.135,1420168620
-6.15,1420168680
-6.15,1420168740
-6.135,1420168800
-6.13,1420168860
-6.13,1420168920
-6.145,1420168980
-6.18,1420169040
-6.195,1420169100
-6.215,1420169160
-6.23,1420169220
-6.23,1420169280
-6.225,1420169340
-6.2,1420169400
-6.185,1420169460
-6.165,1420169520
-6.185,1420169580
-6.195,1420169640
-6.225,1420169700
-6.245,1420169760
-6.28,1420169820
-6.275,1420169880
-6.27,1420169940
-6.24,1420170000
-6.23,1420170060
-6.225,1420170120
-6.225,1420170180
-6.22,1420170240
-6.215,1420170300
-6.18,1420170360
-6.17,1420170420
-6.14,1420170480
-6.135,1420170540
-6.12,1420170600
-6.145,1420170660
-6.15,1420170720
-6.155,1420170780
-6.11,1420170840
-6.07,1420170900
-6.025,1420170960
-5.995,1420171020
-5.985,1420171080
-5.99,1420171140
-5.99,1420171200
-5.99,1420171260
-6,1420171320
-6.015,1420171380
-6.01,1420171440
-6.005,1420171500
-5.975,1420171560
-5.965,1420171620
-5.93,1420171680
-5.915,1420171740
-5.88,1420171800
-5.885,1420171860
-5.9,1420171920
-5.895,1420171980
-5.91,1420172040
-5.91,1420172100
-5.93,1420172160
-5.915,1420172220
-5.905,1420172280
-5.875,1420172340
-5.855,1420172400
-5.865,1420172460
-5.865,1420172520
-5.895,1420172580
-5.915,1420172640
-5.925,1420172700
-5.945,1420172760
-5.94,1420172820
-5.94,1420172880
-5.93,1420172940
-5.915,1420173000
-5.91,1420173060
-5.93,1420173120
-5.905,1420173180
-5.89,1420173240
-5.88,1420173300
-5.9,1420173360
-5.935,1420173420
-5.94,1420173480
-5.96,1420173540
-5.96,1420173600
-5.98,1420173660
-5.97,1420173720
-5.965,1420173780
-5.96,1420173840
-5.96,1420173900
-5.975,1420173960
-5.98,1420174020
-5.985,1420174080
-5.99,1420174140
-6,1420174200
-6,1420174260
-6.005,1420174320
-5.985,1420174380
-5.97,1420174440
-5.945,1420174500
-5.945,1420174560
-5.93,1420174620
-5.94,1420174680
-5.95,1420174740
-5.96,1420174800
-5.975,1420174860
-6,1420174920
-5.985,1420174980
-5.985,1420175040
-5.99,1420175100
-5.945,1420175160
-5.935,1420175220
-5.925,1420175280
-5.93,1420175340
-5.955,1420175400
-5.97,1420175460
-5.985,1420175520
-5.99,1420175580
-5.985,1420175640
-5.965,1420175700
-5.96,1420175760
-5.95,1420175820
-5.94,1420175880
-5.925,1420175940
-5.9,1420176000
-5.895,1420176060
-5.89,1420176120
-5.91,1420176180
-5.94,1420176240
-5.95,1420176300
-5.98,1420176360
-5.98,1420176420
-5.965,1420176480
-5.96,1420176540
-5.93,1420176600
-5.925,1420176660
-5.92,1420176720
-5.91,1420176780
-5.92,1420176840
-5.915,1420176900
-5.91,1420176960
-5.895,1420177020
-5.895,1420177080
-5.875,1420177140
-5.87,1420177200
-5.845,1420177260
-5.82,1420177320
-5.785,1420177380
-5.79,1420177440
-5.795,1420177500
-5.785,1420177560
-5.79,1420177620
-5.78,1420177680
-5.775,1420177740
-5.765,1420177800
-5.755,1420177860
-5.74,1420177920
-5.75,1420177980
-5.76,1420178040
-5.775,1420178100
-5.815,1420178160
-5.855,1420178220
-5.855,1420178280
-5.86,1420178340
-5.84,1420178400
-5.82,1420178460
-5.81,1420178520
-5.8,1420178580
-5.805,1420178640
-5.795,1420178700
-5.81,1420178760
-5.825,1420178820
-5.835,1420178880
-5.87,1420178940
-5.895,1420179000
-5.91,1420179060
-5.915,1420179120
-5.94,1420179180
-5.96,1420179240
-6,1420179300
-6.005,1420179360
-6.02,1420179420
-6.01,1420179480
-6.025,1420179540
-6.02,1420179600
-6.025,1420179660
-6.015,1420179720
-6,1420179780
-6.015,1420179840
-6.01,1420179900
-6.015,1420179960
-6.02,1420180020
-6.02,1420180080
-6.025,1420180140
-6.035,1420180200
-6.05,1420180260
-6.05,1420180320
-6.055,1420180380
-6.045,1420180440
-6.035,1420180500
-6.025,1420180560
-6.025,1420180620
-6.045,1420180680
-6.05,1420180740
-6.055,1420180800
-6.04,1420180860
-6.02,1420180920
-5.985,1420180980
-5.99,1420181040
-6.02,1420181100
-6.045,1420181160
-6.095,1420181220
-6.125,1420181280
-6.135,1420181340
-6.11,1420181400
-6.075,1420181460
-5.985,1420181520
-5.88,1420181580
-5.745,1420181640
-5.62,1420181700
-5.53,1420181760
-5.485,1420181820
-5.49,1420181880
-5.525,1420181940
-5.535,1420182000
-5.455,1420182060
-5.315,1420182120
-5.12,1420182180
-4.905,1420182240
-4.745,1420182300
-4.7,1420182360
-4.815,1420182420
-5.115,1420182480
-5.555,1420182540
-6.015,1420182600
-6.41,1420182660
-6.67,1420182720
-6.81,1420182780
-6.915,1420182840
-6.975,1420182900
-7.01,1420182960
-7.05,1420183020
-7.095,1420183080
-7.115,1420183140
-7.11,1420183200
-7.115,1420183260
-7.1,1420183320
-7.085,1420183380
-7.075,1420183440
-7.09,1420183500
-7.09,1420183560
-7.075,1420183620
-7.025,1420183680
-6.945,1420183740
-6.81,1420183800
-6.665,1420183860
-6.5,1420183920
-6.39,1420183980
-6.28,1420184040
-6.21,1420184100
-6.175,1420184160
-6.155,1420184220
-6.145,1420184280
-6.145,1420184340
-6.145,1420184400
-6.125,1420184460
-6.115,1420184520
-6.1,1420184580
-6.085,1420184640
-6.06,1420184700
-6.07,1420184760
-6.095,1420184820
-6.095,1420184880
-6.1,1420184940
-6.11,1420185000
-6.13,1420185060
-6.135,1420185120
-6.1,1420185180
-6.09,1420185240
-6.085,1420185300
-6.085,1420185360
-6.08,1420185420
-6.085,1420185480
-6.115,1420185540
-6.135,1420185600
-6.15,1420185660
-6.175,1420185720
-6.185,1420185780
-6.17,1420185840
-6.185,1420185900
-6.19,1420185960
-6.17,1420186020
-6.18,1420186080
-6.185,1420186140
-6.2,1420186200
-6.215,1420186260
-6.23,1420186320
-6.25,1420186380
-6.265,1420186440
-6.28,1420186500
-6.28,1420186560
-6.305,1420186620
-6.3,1420186680
-6.305,1420186740
-6.31,1420186800
-6.29,1420186860
-6.29,1420186920
-6.31,1420186980
-6.325,1420187040
-6.34,1420187100
-6.355,1420187160
-6.355,1420187220
-6.37,1420187280
-6.37,1420187340
-6.345,1420187400
-6.335,1420187460
-6.315,1420187520
-6.315,1420187580
-6.315,1420187640
-6.315,1420187700
-6.31,1420187760
-6.31,1420187820
-6.295,1420187880
-6.3,1420187940
-6.29,1420188000
-6.28,1420188060
-6.245,1420188120
-6.23,1420188180
-6.225,1420188240
-6.19,1420188300
-6.185,1420188360
-6.185,1420188420
-6.17,1420188480
-6.16,1420188540
-6.13,1420188600
-6.105,1420188660
-6.105,1420188720
-6.085,1420188780
-6.075,1420188840
-6.065,1420188900
-6.055,1420188960
-6.055,1420189020
-6.035,1420189080
-6.025,1420189140
-6.04,1420189200
-6.035,1420189260
-6.03,1420189320
-6.045,1420189380
-6.035,1420189440
-6.02,1420189500
-6.015,1420189560
-6.01,1420189620
-5.98,1420189680
-5.975,1420189740
-5.995,1420189800
-6.005,1420189860
-6.025,1420189920
-6.04,1420189980
-6.045,1420190040
-6.045,1420190100
-6.035,1420190160
-6.02,1420190220
-6.015,1420190280
-6.005,1420190340
-6.035,1420190400
-6.035,1420190460
-6.035,1420190520
-6.03,1420190580
-6.025,1420190640
-6.04,1420190700
-6.05,1420190760
-6.075,1420190820
-6.065,1420190880
-6.055,1420190940
-6.05,1420191000
-6.04,1420191060
-6.045,1420191120
-6.04,1420191180
-6.03,1420191240
-6.03,1420191300
-6.06,1420191360
-6.065,1420191420
-6.06,1420191480
-6.07,1420191540
-6.065,1420191600
-6.055,1420191660
-6.06,1420191720
-6.055,1420191780
-6.03,1420191840
-6.04,1420191900
-6.035,1420191960
-6.055,1420192020
-6.05,1420192080
-6.08,1420192140
-6.085,1420192200
-6.09,1420192260
-6.095,1420192320
-6.08,1420192380
-6.05,1420192440
-6.05,1420192500
-6.055,1420192560
-6.035,1420192620
-6.055,1420192680
-6.035,1420192740
-6.06,1420192800
-6.04,1420192860
-6.04,1420192920
-6.045,1420192980
-6.055,1420193040
-6.045,1420193100
-6.03,1420193160
-6.025,1420193220
-6,1420193280
-5.965,1420193340
-5.95,1420193400
-5.945,1420193460
-5.955,1420193520
-5.97,1420193580
-6,1420193640
-6.025,1420193700
-6.02,1420193760
-6.025,1420193820
-6.005,1420193880
-5.995,1420193940
-5.995,1420194000
-6,1420194060
-6.01,1420194120
-6.035,1420194180
-6.07,1420194240
-6.09,1420194300
-6.095,1420194360
-6.1,1420194420
-6.085,1420194480
-6.08,1420194540
-6.07,1420194600
-6.065,1420194660
-6.05,1420194720
-6.05,1420194780
-6.06,1420194840
-6.065,1420194900
-6.07,1420194960
-6.06,1420195020
-6.07,1420195080
-6.06,1420195140
-6.06,1420195200
-6.035,1420195260
-6.015,1420195320
-6.005,1420195380
-5.975,1420195440
-5.94,1420195500
-5.905,1420195560
-5.88,1420195620
-5.88,1420195680
-5.87,1420195740
-5.875,1420195800
-5.895,1420195860
-5.915,1420195920
-5.92,1420195980
-5.94,1420196040
-5.95,1420196100
-5.945,1420196160
-5.935,1420196220
-5.925,1420196280
-5.92,1420196340
-5.9,1420196400
-5.905,1420196460
-5.9,1420196520
-5.92,1420196580
-5.925,1420196640
-5.955,1420196700
-5.96,1420196760
-5.99,1420196820
-6.03,1420196880
-6.055,1420196940
-6.08,1420197000
-6.075,1420197060
-6.09,1420197120
-6.1,1420197180
-6.12,1420197240
-6.13,1420197300
-6.135,1420197360
-6.14,1420197420
-6.135,1420197480
-6.12,1420197540
-6.125,1420197600
-6.12,1420197660
-6.13,1420197720
-6.12,1420197780
-6.14,1420197840
-6.15,1420197900
-6.16,1420197960
-6.155,1420198020
-6.155,1420198080
-6.14,1420198140
-6.14,1420198200
-6.135,1420198260
-6.135,1420198320
-6.145,1420198380
-6.175,1420198440
-6.16,1420198500
-6.17,1420198560
-6.16,1420198620
-6.16,1420198680
-6.16,1420198740
-6.155,1420198800
-6.14,1420198860
-6.135,1420198920
-6.135,1420198980
-6.14,1420199040
-6.145,1420199100
-6.17,1420199160
-6.19,1420199220
-6.195,1420199280
-6.195,1420199340
-6.135,1420199400
-6.045,1420199460
-5.915,1420199520
-5.77,1420199580
-5.615,1420199640
-5.49,1420199700
-5.4,1420199760
-5.415,1420199820
-5.44,1420199880
-5.445,1420199940
-5.415,1420200000
-5.305,1420200060
-5.15,1420200120
-5.015,1420200180
-4.965,1420200240
-5.065,1420200300
-5.37,1420200360
-5.805,1420200420
-6.275,1420200480
-6.68,1420200540
-6.98,1420200600
-7.14,1420200660
-7.22,1420200720
-7.255,1420200780
-7.265,1420200840
-7.3,1420200900
-7.31,1420200960
-7.335,1420201020
-7.335,1420201080
-7.315,1420201140
-7.31,1420201200
-7.305,1420201260
-7.3,1420201320
-7.29,1420201380
-7.265,1420201440
-7.245,1420201500
-7.17,1420201560
-7.09,1420201620
-6.98,1420201680
-6.83,1420201740
-6.68,1420201800
-6.55,1420201860
-6.435,1420201920
-6.37,1420201980
-6.315,1420202040
-6.295,1420202100
-6.3,1420202160
-6.29,1420202220
-6.295,1420202280
-6.295,1420202340
-6.27,1420202400
-6.255,1420202460
-6.23,1420202520
-6.21,1420202580
-6.2,1420202640
-6.205,1420202700
-6.21,1420202760
-6.23,1420202820
-6.24,1420202880
-6.25,1420202940
-6.25,1420203000
-6.255,1420203060
-6.26,1420203120
-6.255,1420203180
-6.245,1420203240
-6.235,1420203300
-6.23,1420203360
-6.245,1420203420
-6.25,1420203480
-6.275,1420203540
-6.28,1420203600
-6.3,1420203660
-6.325,1420203720
-6.33,1420203780
-6.36,1420203840
-6.36,1420203900
-6.33,1420203960
-6.335,1420204020
-6.33,1420204080
-6.335,1420204140
-6.35,1420204200
-6.38,1420204260
-6.4,1420204320
-6.415,1420204380
-6.445,1420204440
-6.455,1420204500
-6.45,1420204560
-6.46,1420204620
-6.465,1420204680
-6.47,1420204740
-6.435,1420204800
-6.445,1420204860
-6.455,1420204920
-6.45,1420204980
-6.45,1420205040
-6.445,1420205100
-6.46,1420205160
-6.46,1420205220
-6.465,1420205280
-6.465,1420205340
-6.465,1420205400
-6.46,1420205460
-6.43,1420205520
-6.415,1420205580
-6.41,1420205640
-6.39,1420205700
-6.405,1420205760
-6.395,1420205820
-6.41,1420205880
-6.385,1420205940
-6.365,1420206000
-6.325,1420206060
-6.295,1420206120
-6.275,1420206180
-6.255,1420206240
-6.24,1420206300
-6.23,1420206360
-6.225,1420206420
-6.215,1420206480
-6.21,1420206540
-6.215,1420206600
-6.205,1420206660
-6.21,1420206720
-6.185,1420206780
-6.17,1420206840
-6.135,1420206900
-6.135,1420206960
-6.13,1420207020
-6.13,1420207080
-6.14,1420207140
-6.14,1420207200
-6.155,1420207260
-6.14,1420207320
-6.14,1420207380
-6.13,1420207440
-6.135,1420207500
-6.13,1420207560
-6.125,1420207620
-6.11,1420207680
-6.105,1420207740
-6.12,1420207800
-6.12,1420207860
-6.11,1420207920
-6.125,1420207980
-6.125,1420208040
-6.14,1420208100
-6.145,1420208160
-6.145,1420208220
-6.135,1420208280
-6.135,1420208340
-6.12,1420208400
-6.12,1420208460
-6.135,1420208520
-6.15,1420208580
-6.17,1420208640
-6.195,1420208700
-6.18,1420208760
-6.175,1420208820
-6.16,1420208880
-6.14,1420208940
-6.14,1420209000
-6.13,1420209060
-6.145,1420209120
-6.155,1420209180
-6.165,1420209240
-6.165,1420209300
-6.18,1420209360
-6.165,1420209420
-6.16,1420209480
-6.165,1420209540
-6.16,1420209600
-6.15,1420209660
-6.15,1420209720
-6.155,1420209780
-6.145,1420209840
-6.16,1420209900
-6.15,1420209960
-6.165,1420210020
-6.17,1420210080
-6.18,1420210140
-6.2,1420210200
-6.2,1420210260
-6.185,1420210320
-6.165,1420210380
-6.16,1420210440
-6.145,1420210500
-6.135,1420210560
-6.15,1420210620
-6.155,1420210680
-6.175,1420210740
-6.18,1420210800
-6.17,1420210860
-6.165,1420210920
-6.17,1420210980
-6.18,1420211040
-6.18,1420211100
-6.175,1420211160
-6.165,1420211220
-6.145,1420211280
-6.145,1420211340
-6.145,1420211400
-6.135,1420211460
-6.13,1420211520
-6.15,1420211580
-6.165,1420211640
-6.175,1420211700
-6.18,1420211760
-6.185,1420211820
-6.175,1420211880
-6.14,1420211940
-6.145,1420212000
-6.145,1420212060
-6.135,1420212120
-6.15,1420212180
-6.155,1420212240
-6.17,1420212300
-6.165,1420212360
-6.17,1420212420
-6.17,1420212480
-6.16,1420212540
-6.135,1420212600
-6.125,1420212660
-6.095,1420212720
-6.1,1420212780
-6.1,1420212840
-6.09,1420212900
-6.1,1420212960
-6.1,1420213020
-6.095,1420213080
-6.09,1420213140
-6.09,1420213200
-6.08,1420213260
-6.035,1420213320
-6.005,1420213380
-5.98,1420213440
-5.95,1420213500
-5.945,1420213560
-5.95,1420213620
-5.995,1420213680
-6.03,1420213740
-6.06,1420213800
-6.095,1420213860
-6.115,1420213920
-6.11,1420213980
-6.06,1420214040
-6.03,1420214100
-6,1420214160
-5.97,1420214220
-5.955,1420214280
-5.95,1420214340
-5.985,1420214400
-6.045,1420214460
-6.075,1420214520
-6.13,1420214580
-6.16,1420214640
-6.17,1420214700
-6.17,1420214760
-6.16,1420214820
-6.155,1420214880
-6.155,1420214940
-6.165,1420215000
-6.175,1420215060
-6.195,1420215120
-6.21,1420215180
-6.215,1420215240
-6.22,1420215300
-6.235,1420215360
-6.225,1420215420
-6.23,1420215480
-6.23,1420215540
-6.225,1420215600
-6.225,1420215660
-6.225,1420215720
-6.245,1420215780
-6.23,1420215840
-6.245,1420215900
-6.225,1420215960
-6.23,1420216020
-6.23,1420216080
-6.235,1420216140
-6.23,1420216200
-6.235,1420216260
-6.21,1420216320
-6.205,1420216380
-6.215,1420216440
-6.22,1420216500
-6.22,1420216560
-6.235,1420216620
-6.24,1420216680
-6.24,1420216740
-6.255,1420216800
-6.25,1420216860
-6.245,1420216920
-6.25,1420216980
-6.23,1420217040
-6.22,1420217100
-6.16,1420217160
-6.065,1420217220
-5.93,1420217280
-5.79,1420217340
-5.635,1420217400
-5.55,1420217460
-5.535,1420217520
-5.515,1420217580
-5.525,1420217640
-5.46,1420217700
-5.33,1420217760
-5.2,1420217820
-5.075,1420217880
-5.005,1420217940
-5.08,1420218000
-5.31,1420218060
-5.7,1420218120
-6.17,1420218180
-6.6,1420218240
-6.84,1420218300
-7,1420218360
-7.045,1420218420
-7.05,1420218480
-7.07,1420218540
-7.115,1420218600
-7.16,1420218660
-7.19,1420218720
-7.2,1420218780
-7.24,1420218840
-7.32,1420218900
-7.41,1420218960
-7.43,1420219020
-7.395,1420219080
-7.315,1420219140
-7.195,1420219200
-7.1,1420219260
-6.98,1420219320
-6.85,1420219380
-6.755,1420219440
-6.675,1420219500
-6.63,1420219560
-6.55,1420219620
-6.435,1420219680
-6.36,1420219740
-6.3,1420219800
-6.29,1420219860
-6.285,1420219920
-6.315,1420219980
-6.355,1420220040
-6.365,1420220100
-6.36,1420220160
-6.345,1420220220
-6.315,1420220280
-6.31,1420220340
-6.325,1420220400
-6.39,1420220460
-6.41,1420220520
-6.39,1420220580
-6.32,1420220640
-6.28,1420220700
-6.255,1420220760
-6.265,1420220820
-6.265,1420220880
-6.29,1420220940
-6.305,1420221000
-6.31,1420221060
-6.365,1420221120
-6.385,1420221180
-6.375,1420221240
-6.335,1420221300
-6.295,1420221360
-6.285,1420221420
-6.3,1420221480
-6.38,1420221540
-6.465,1420221600
-6.525,1420221660
-6.525,1420221720
-6.51,1420221780
-6.485,1420221840
-6.455,1420221900
-6.425,1420221960
-6.41,1420222020
-6.38,1420222080
-6.385,1420222140
-6.435,1420222200
-6.5,1420222260
-6.575,1420222320
-6.62,1420222380
-6.58,1420222440
-6.545,1420222500
-6.5,1420222560
-6.49,1420222620
-6.51,1420222680
-6.585,1420222740
-6.66,1420222800
-6.71,1420222860
-6.69,1420222920
-6.62,1420222980
-6.52,1420223040
-6.46,1420223100
-6.45,1420223160
-6.495,1420223220
-6.54,1420223280
-6.54,1420223340
-6.51,1420223400
-6.45,1420223460
-6.37,1420223520
-6.31,1420223580
-6.32,1420223640
-6.35,1420223700
-6.44,1420223760
-6.49,1420223820
-6.475,1420223880
-6.45,1420223940
-6.385,1420224000
-6.335,1420224060
-6.32,1420224120
-6.32,1420224180
-6.315,1420224240
-6.275,1420224300
-6.275,1420224360
-6.285,1420224420
-6.315,1420224480
-6.37,1420224540
-6.39,1420224600
-6.425,1420224660
-6.39,1420224720
-6.345,1420224780
-6.26,1420224840
-6.2,1420224900
-6.11,1420224960
-6.055,1420225020
-6.03,1420225080
-6.03,1420225140
-6.1,1420225200
-6.215,1420225260
-6.32,1420225320
-6.34,1420225380
-6.31,1420225440
-6.24,1420225500
-6.16,1420225560
-6.115,1420225620
-6.08,1420225680
-6.115,1420225740
-6.185,1420225800
-6.26,1420225860
-6.315,1420225920
-6.33,1420225980
-6.29,1420226040
-6.225,1420226100
-6.17,1420226160
-6.145,1420226220
-6.13,1420226280
-6.155,1420226340
-6.175,1420226400
-6.22,1420226460
-6.29,1420226520
-6.345,1420226580
-6.395,1420226640
-6.36,1420226700
-6.31,1420226760
-6.27,1420226820
-6.265,1420226880
-6.31,1420226940
-6.325,1420227000
-6.31,1420227060
-6.255,1420227120
-6.23,1420227180
-6.245,1420227240
-6.25,1420227300
-6.27,1420227360
-6.31,1420227420
-6.325,1420227480
-6.34,1420227540
-6.31,1420227600
-6.265,1420227660
-6.255,1420227720
-6.275,1420227780
-6.305,1420227840
-6.34,1420227900
-6.35,1420227960
-6.33,1420228020
-6.315,1420228080
-6.295,1420228140
-6.29,1420228200
-6.275,1420228260
-6.27,1420228320
-6.285,1420228380
-6.295,1420228440
-6.325,1420228500
-6.315,1420228560
-6.3,1420228620
-6.275,1420228680
-6.27,1420228740
-6.27,1420228800
-6.28,1420228860
-6.29,1420228920
-6.275,1420228980
-6.265,1420229040
-6.235,1420229100
-6.215,1420229160
-6.21,1420229220
-6.23,1420229280
-6.29,1420229340
-6.31,1420229400
-6.3,1420229460
-6.29,1420229520
-6.255,1420229580
-6.225,1420229640
-6.21,1420229700
-6.205,1420229760
-6.24,1420229820
-6.25,1420229880
-6.255,1420229940
-6.245,1420230000
-6.225,1420230060
-6.18,1420230120
-6.165,1420230180
-6.18,1420230240
-6.195,1420230300
-6.24,1420230360
-6.25,1420230420
-6.23,1420230480
-6.21,1420230540
-6.195,1420230600
-6.18,1420230660
-6.165,1420230720
-6.14,1420230780
-6.11,1420230840
-6.095,1420230900
-6.125,1420230960
-6.14,1420231020
-6.18,1420231080
-6.215,1420231140
-6.205,1420231200
-6.205,1420231260
-6.21,1420231320
-6.205,1420231380
-6.195,1420231440
-6.175,1420231500
-6.16,1420231560
-6.145,1420231620
-6.145,1420231680
-6.14,1420231740
-6.135,1420231800
-6.175,1420231860
-6.195,1420231920
-6.24,1420231980
-6.265,1420232040
-6.28,1420232100
-6.295,1420232160
-6.3,1420232220
-6.295,1420232280
-6.305,1420232340
-6.335,1420232400
-6.375,1420232460
-6.405,1420232520
-6.415,1420232580
-6.41,1420232640
-6.395,1420232700
-6.37,1420232760
-6.365,1420232820
-6.385,1420232880
-6.41,1420232940
-6.445,1420233000
-6.46,1420233060
-6.46,1420233120
-6.42,1420233180
-6.4,1420233240
-6.39,1420233300
-6.38,1420233360
-6.4,1420233420
-6.43,1420233480
-6.465,1420233540
-6.465,1420233600
-6.45,1420233660
-6.435,1420233720
-6.425,1420233780
-6.415,1420233840
-6.42,1420233900
-6.43,1420233960
-6.455,1420234020
-6.435,1420234080
-6.43,1420234140
-6.43,1420234200
-6.425,1420234260
-6.405,1420234320
-6.405,1420234380
-6.43,1420234440
-6.445,1420234500
-6.47,1420234560
-6.485,1420234620
-6.415,1420234680
-6.35,1420234740
-6.235,1420234800
-6.095,1420234860
-5.93,1420234920
-5.8,1420234980
-5.7,1420235040
-5.675,1420235100
-5.67,1420235160
-5.68,1420235220
-5.655,1420235280
-5.575,1420235340
-5.43,1420235400
-5.29,1420235460
-5.21,1420235520
-5.225,1420235580
-5.38,1420235640
-5.64,1420235700
-5.995,1420235760
-6.375,1420235820
-6.705,1420235880
-6.975,1420235940
-7.14,1420236000
-7.225,1420236060
-7.265,1420236120
-7.305,1420236180
-7.335,1420236240
-7.38,1420236300
-7.41,1420236360
-7.445,1420236420
-7.475,1420236480
-7.49,1420236540
-7.475,1420236600
-7.475,1420236660
-7.455,1420236720
-7.475,1420236780
-7.47,1420236840
-7.46,1420236900
-7.39,1420236960
-7.29,1420237020
-7.155,1420237080
-7.005,1420237140
-6.835,1420237200
-6.73,1420237260
-6.655,1420237320
-6.635,1420237380
-6.635,1420237440
-6.665,1420237500
-6.68,1420237560
-6.685,1420237620
-6.66,1420237680
-6.645,1420237740
-6.605,1420237800
-6.6,1420237860
-6.585,1420237920
-6.58,1420237980
-6.6,1420238040
-6.605,1420238100
-6.615,1420238160
-6.625,1420238220
-6.635,1420238280
-6.63,1420238340
-6.63,1420238400
-6.595,1420238460
-6.59,1420238520
-6.585,1420238580
-6.58,1420238640
-6.57,1420238700
-6.565,1420238760
-6.55,1420238820
-6.555,1420238880
-6.58,1420238940
-6.63,1420239000
-6.695,1420239060
-6.74,1420239120
-6.745,1420239180
-6.72,1420239240
-6.68,1420239300
-6.65,1420239360
-6.65,1420239420
-6.69,1420239480
-6.71,1420239540
-6.755,1420239600
-6.78,1420239660
-6.77,1420239720
-6.78,1420239780
-6.785,1420239840
-6.775,1420239900
-6.795,1420239960
-6.795,1420240020
-6.805,1420240080
-6.82,1420240140
-6.815,1420240200
-6.82,1420240260
-6.81,1420240320
-6.81,1420240380
-6.825,1420240440
-6.845,1420240500
-6.845,1420240560
-6.825,1420240620
-6.805,1420240680
-6.77,1420240740
-6.78,1420240800
-6.795,1420240860
-6.8,1420240920
-6.795,1420240980
-6.805,1420241040
-6.8,1420241100
-6.81,1420241160
-6.805,1420241220
-6.815,1420241280
-6.815,1420241340
-6.77,1420241400
-6.72,1420241460
-6.66,1420241520
-6.64,1420241580
-6.645,1420241640
-6.685,1420241700
-6.72,1420241760
-6.74,1420241820
-6.725,1420241880
-6.69,1420241940
-6.645,1420242000
-6.6,1420242060
-6.59,1420242120
-6.575,1420242180
-6.6,1420242240
-6.595,1420242300
-6.605,1420242360
-6.605,1420242420
-6.6,1420242480
-6.575,1420242540
-6.545,1420242600
-6.51,1420242660
-6.495,1420242720
-6.495,1420242780
-6.5,1420242840
-6.52,1420242900
-6.52,1420242960
-6.535,1420243020
-6.525,1420243080
-6.49,1420243140
-6.525,1420243200
-6.525,1420243260
-6.54,1420243320
-6.545,1420243380
-6.54,1420243440
-6.525,1420243500
-6.49,1420243560
-6.465,1420243620
-6.45,1420243680
-6.465,1420243740
-6.495,1420243800
-6.525,1420243860
-6.51,1420243920
-6.515,1420243980
-6.525,1420244040
-6.52,1420244100
-6.53,1420244160
-6.56,1420244220
-6.58,1420244280
-6.585,1420244340
-6.565,1420244400
-6.505,1420244460
-6.495,1420244520
-6.48,1420244580
-6.485,1420244640
-6.485,1420244700
-6.505,1420244760
-6.535,1420244820
-6.56,1420244880
-6.565,1420244940
-6.555,1420245000
-6.53,1420245060
-6.505,1420245120
-6.515,1420245180
-6.515,1420245240
-6.53,1420245300
-6.535,1420245360
-6.54,1420245420
-6.56,1420245480
-6.55,1420245540
-6.545,1420245600
-6.51,1420245660
-6.49,1420245720
-6.485,1420245780
-6.505,1420245840
-6.505,1420245900
-6.53,1420245960
-6.535,1420246020
-6.525,1420246080
-6.515,1420246140
-6.5,1420246200
-6.51,1420246260
-6.51,1420246320
-6.505,1420246380
-6.5,1420246440
-6.5,1420246500
-6.51,1420246560
-6.525,1420246620
-6.535,1420246680
-6.545,1420246740
-6.545,1420246800
-6.555,1420246860
-6.555,1420246920
-6.54,1420246980
-6.51,1420247040
-6.485,1420247100
-6.475,1420247160
-6.48,1420247220
-6.46,1420247280
-6.46,1420247340
-6.47,1420247400
-6.475,1420247460
-6.495,1420247520
-6.515,1420247580
-6.51,1420247640
-6.535,1420247700
-6.51,1420247760
-6.485,1420247820
-6.44,1420247880
-6.41,1420247940
-6.39,1420248000
-6.37,1420248060
-6.385,1420248120
-6.415,1420248180
-6.435,1420248240
-6.42,1420248300
-6.415,1420248360
-6.42,1420248420
-6.385,1420248480
-6.35,1420248540
-6.32,1420248600
-6.315,1420248660
-6.32,1420248720
-6.305,1420248780
-6.31,1420248840
-6.325,1420248900
-6.355,1420248960
-6.36,1420249020
-6.365,1420249080
-6.355,1420249140
-6.34,1420249200
-6.335,1420249260
-6.305,1420249320
-6.28,1420249380
-6.245,1420249440
-6.24,1420249500
-6.24,1420249560
-6.275,1420249620
-6.325,1420249680
-6.38,1420249740
-6.43,1420249800
-6.455,1420249860
-6.44,1420249920
-6.405,1420249980
-6.395,1420250040
-6.395,1420250100
-6.385,1420250160
-6.425,1420250220
-6.47,1420250280
-6.505,1420250340
-6.54,1420250400
-6.555,1420250460
-6.56,1420250520
-6.52,1420250580
-6.485,1420250640
-6.46,1420250700
-6.465,1420250760
-6.475,1420250820
-6.48,1420250880
-6.495,1420250940
-6.465,1420251000
-6.435,1420251060
-6.425,1420251120
-6.44,1420251180
-6.45,1420251240
-6.46,1420251300
-6.465,1420251360
-6.475,1420251420
-6.48,1420251480
-6.46,1420251540
-6.45,1420251600
-6.445,1420251660
-6.43,1420251720
-6.415,1420251780
-6.435,1420251840
-6.46,1420251900
-6.49,1420251960
-6.515,1420252020
-6.54,1420252080
-6.54,1420252140
-6.51,1420252200
-6.43,1420252260
-6.295,1420252320
-6.13,1420252380
-5.985,1420252440
-5.87,1420252500
-5.725,1420252560
-5.655,1420252620
-5.63,1420252680
-5.66,1420252740
-5.685,1420252800
-5.67,1420252860
-5.58,1420252920
-5.44,1420252980
-5.285,1420253040
-5.14,1420253100
-5.14,1420253160
-5.285,1420253220
-5.56,1420253280
-5.96,1420253340
-6.39,1420253400
-6.755,1420253460
-6.995,1420253520
-7.11,1420253580
-7.15,1420253640
-7.17,1420253700
-7.22,1420253760
-7.29,1420253820
-7.355,1420253880
-7.42,1420253940
-7.44,1420254000
-7.435,1420254060
-7.45,1420254120
-7.455,1420254180
-7.48,1420254240
-7.475,1420254300
-7.465,1420254360
-7.44,1420254420
-7.37,1420254480
-7.29,1420254540
-7.16,1420254600
-7.07,1420254660
-6.94,1420254720
-6.81,1420254780
-6.705,1420254840
-6.635,1420254900
-6.565,1420254960
-6.54,1420255020
-6.535,1420255080
-6.545,1420255140
-6.535,1420255200
-6.5,1420255260
-6.455,1420255320
-6.405,1420255380
-6.395,1420255440
-6.41,1420255500
-6.43,1420255560
-6.445,1420255620
-6.475,1420255680
-6.46,1420255740
-6.455,1420255800
-6.45,1420255860
-6.445,1420255920
-6.465,1420255980
-6.455,1420256040
-6.44,1420256100
-6.435,1420256160
-6.43,1420256220
-6.425,1420256280
-6.435,1420256340
-6.42,1420256400
-6.455,1420256460
-6.48,1420256520
-6.51,1420256580
-6.515,1420256640
-6.5,1420256700
-6.51,1420256760
-6.535,1420256820
-6.545,1420256880
-6.555,1420256940
-6.57,1420257000
-6.575,1420257060
-6.585,1420257120
-6.59,1420257180
-6.575,1420257240
-6.58,1420257300
-6.58,1420257360
-6.605,1420257420
-6.63,1420257480
-6.635,1420257540
-6.65,1420257600
-6.64,1420257660
-6.6,1420257720
-6.58,1420257780
-6.585,1420257840
-6.57,1420257900
-6.59,1420257960
-6.615,1420258020
-6.63,1420258080
-6.64,1420258140
-6.64,1420258200
-6.62,1420258260
-6.61,1420258320
-6.61,1420258380
-6.615,1420258440
-6.6,1420258500
-6.615,1420258560
-6.58,1420258620
-6.56,1420258680
-6.55,1420258740
-6.545,1420258800
-6.505,1420258860
-6.49,1420258920
-6.485,1420258980
-6.505,1420259040
-6.5,1420259100
-6.475,1420259160
-6.455,1420259220
-6.43,1420259280
-6.375,1420259340
-6.345,1420259400
-6.36,1420259460
-6.345,1420259520
-6.345,1420259580
-6.335,1420259640
-6.32,1420259700
-6.31,1420259760
-6.295,1420259820
-6.3,1420259880
-6.295,1420259940
-6.295,1420260000
-6.285,1420260060
-6.28,1420260120
-6.26,1420260180
-6.255,1420260240
-6.28,1420260300
-6.26,1420260360
-6.25,1420260420
-6.23,1420260480
-6.225,1420260540
-6.24,1420260600
-6.25,1420260660
-6.27,1420260720
-6.27,1420260780
-6.26,1420260840
-6.245,1420260900
-6.235,1420260960
-6.24,1420261020
-6.23,1420261080
-6.235,1420261140
-6.235,1420261200
-6.23,1420261260
-6.245,1420261320
-6.255,1420261380
-6.27,1420261440
-6.265,1420261500
-6.24,1420261560
-6.25,1420261620
-6.21,1420261680
-6.195,1420261740
-6.2,1420261800
-6.22,1420261860
-6.235,1420261920
-6.275,1420261980
-6.29,1420262040
-6.295,1420262100
-6.275,1420262160
-6.275,1420262220
-6.25,1420262280
-6.265,1420262340
-6.26,1420262400
-6.245,1420262460
-6.255,1420262520
-6.27,1420262580
-6.27,1420262640
-6.27,1420262700
-6.28,1420262760
-6.275,1420262820
-6.275,1420262880
-6.275,1420262940
-6.26,1420263000
-6.26,1420263060
-6.25,1420263120
-6.23,1420263180
-6.24,1420263240
-6.24,1420263300
-6.245,1420263360
-6.25,1420263420
-6.245,1420263480
-6.265,1420263540
-6.265,1420263600
-6.255,1420263660
-6.24,1420263720
-6.225,1420263780
-6.215,1420263840
-6.2,1420263900
-6.19,1420263960
-6.205,1420264020
-6.215,1420264080
-6.23,1420264140
-6.24,1420264200
-6.235,1420264260
-6.245,1420264320
-6.23,1420264380
-6.23,1420264440
-6.215,1420264500
-6.215,1420264560
-6.215,1420264620
-6.225,1420264680
-6.24,1420264740
-6.235,1420264800
-6.235,1420264860
-6.215,1420264920
-6.205,1420264980
-6.2,1420265040
-6.185,1420265100
-6.16,1420265160
-6.15,1420265220
-6.125,1420265280
-6.1,1420265340
-6.105,1420265400
-6.11,1420265460
-6.125,1420265520
-6.1,1420265580
-6.09,1420265640
-6.075,1420265700
-6.055,1420265760
-6.04,1420265820
-6.02,1420265880
-6.025,1420265940
-6.045,1420266000
-6.055,1420266060
-6.07,1420266120
-6.09,1420266180
-6.12,1420266240
-6.135,1420266300
-6.135,1420266360
-6.105,1420266420
-6.075,1420266480
-6.045,1420266540
-6.03,1420266600
-6.015,1420266660
-6.03,1420266720
-6.06,1420266780
-6.08,1420266840
-6.12,1420266900
-6.15,1420266960
-6.18,1420267020
-6.22,1420267080
-6.225,1420267140
-6.245,1420267200
-6.26,1420267260
-6.245,1420267320
-6.265,1420267380
-6.245,1420267440
-6.25,1420267500
-6.265,1420267560
-6.275,1420267620
-6.28,1420267680
-6.295,1420267740
-6.28,1420267800
-6.28,1420267860
-6.29,1420267920
-6.275,1420267980
-6.28,1420268040
-6.275,1420268100
-6.26,1420268160
-6.265,1420268220
-6.265,1420268280
-6.27,1420268340
-6.285,1420268400
-6.285,1420268460
-6.29,1420268520
-6.29,1420268580
-6.285,1420268640
-6.29,1420268700
-6.265,1420268760
-6.26,1420268820
-6.245,1420268880
-6.235,1420268940
-6.25,1420269000
-6.27,1420269060
-6.3,1420269120
-6.325,1420269180
-6.33,1420269240
-6.325,1420269300
-6.275,1420269360
-6.2,1420269420
-6.08,1420269480
-5.95,1420269540
-5.77,1420269600
-5.635,1420269660
-5.53,1420269720
-5.505,1420269780
-5.525,1420269840
-5.535,1420269900
-5.505,1420269960
-5.41,1420270020
-5.265,1420270080
-5.085,1420270140
-4.975,1420270200
-4.975,1420270260
-5.105,1420270320
-5.46,1420270380
-5.895,1420270440
-6.34,1420270500
-6.68,1420270560
-6.92,1420270620
-7.03,1420270680
-7.11,1420270740
-7.17,1420270800
-7.2,1420270860
-7.22,1420270920
-7.25,1420270980
-7.26,1420271040
-7.275,1420271100
-7.29,1420271160
-7.285,1420271220
-7.315,1420271280
-7.3,1420271340
-7.3,1420271400
-7.285,1420271460
-7.235,1420271520
-7.15,1420271580
-7.045,1420271640
-6.91,1420271700
-6.755,1420271760
-6.605,1420271820
-6.505,1420271880
-6.415,1420271940
-6.375,1420272000
-6.385,1420272060
-6.385,1420272120
-6.38,1420272180
-6.375,1420272240
-6.365,1420272300
-6.34,1420272360
-6.31,1420272420
-6.285,1420272480
-6.28,1420272540
-6.295,1420272600
-6.315,1420272660
-6.325,1420272720
-6.35,1420272780
-6.365,1420272840
-6.365,1420272900
-6.36,1420272960
-6.35,1420273020
-6.325,1420273080
-6.33,1420273140
-6.315,1420273200
-6.31,1420273260
-6.32,1420273320
-6.345,1420273380
-6.355,1420273440
-6.375,1420273500
-6.41,1420273560
-6.4,1420273620
-6.4,1420273680
-6.415,1420273740
-6.41,1420273800
-6.405,1420273860
-6.395,1420273920
-6.41,1420273980
-6.415,1420274040
-6.425,1420274100
-6.44,1420274160
-6.45,1420274220
-6.48,1420274280
-6.505,1420274340
-6.5,1420274400
-6.515,1420274460
-6.505,1420274520
-6.51,1420274580
-6.51,1420274640
-6.515,1420274700
-6.505,1420274760
-6.52,1420274820
-6.52,1420274880
-6.54,1420274940
-6.55,1420275000
-6.57,1420275060
-6.55,1420275120
-6.54,1420275180
-6.52,1420275240
-6.52,1420275300
-6.51,1420275360
-6.52,1420275420
-6.505,1420275480
-6.495,1420275540
-6.51,1420275600
-6.505,1420275660
-6.48,1420275720
-6.48,1420275780
-6.475,1420275840
-6.46,1420275900
-6.435,1420275960
-6.415,1420276020
-6.385,1420276080
-6.35,1420276140
-6.355,1420276200
-6.35,1420276260
-6.355,1420276320
-6.34,1420276380
-6.32,1420276440
-6.305,1420276500
-6.3,1420276560
-6.27,1420276620
-6.25,1420276680
-6.235,1420276740
-6.215,1420276800
-6.2,1420276860
-6.18,1420276920
-6.175,1420276980
-6.19,1420277040
-6.19,1420277100
-6.2,1420277160
-6.2,1420277220
-6.205,1420277280
-6.195,1420277340
-6.18,1420277400
-6.18,1420277460
-6.18,1420277520
-6.16,1420277580
-6.16,1420277640
-6.17,1420277700
-6.175,1420277760
-6.185,1420277820
-6.195,1420277880
-6.205,1420277940
-6.18,1420278000
-6.18,1420278060
-6.185,1420278120
-6.175,1420278180
-6.16,1420278240
-6.155,1420278300
-6.145,1420278360
-6.14,1420278420
-6.18,1420278480
-6.185,1420278540
-6.205,1420278600
-6.2,1420278660
-6.215,1420278720
-6.195,1420278780
-6.175,1420278840
-6.175,1420278900
-6.155,1420278960
-6.165,1420279020
-6.17,1420279080
-6.16,1420279140
-6.17,1420279200
-6.195,1420279260
-6.195,1420279320
-6.205,1420279380
-6.215,1420279440
-6.2,1420279500
-6.205,1420279560
-6.18,1420279620
-6.17,1420279680
-6.175,1420279740
-6.175,1420279800
-6.175,1420279860
-6.175,1420279920
-6.18,1420279980
-6.19,1420280040
-6.21,1420280100
-6.225,1420280160
-6.205,1420280220
-6.19,1420280280
-6.19,1420280340
-6.16,1420280400
-6.175,1420280460
-6.17,1420280520
-6.165,1420280580
-6.18,1420280640
-6.16,1420280700
-6.185,1420280760
-6.185,1420280820
-6.18,1420280880
-6.17,1420280940
-6.175,1420281000
-6.17,1420281060
-6.145,1420281120
-6.15,1420281180
-6.145,1420281240
-6.145,1420281300
-6.155,1420281360
-6.165,1420281420
-6.17,1420281480
-6.18,1420281540
-6.18,1420281600
-6.165,1420281660
-6.14,1420281720
-6.13,1420281780
-6.12,1420281840
-6.105,1420281900
-6.115,1420281960
-6.105,1420282020
-6.085,1420282080
-6.09,1420282140
-6.085,1420282200
-6.08,1420282260
-6.09,1420282320
-6.075,1420282380
-6.085,1420282440
-6.05,1420282500
-6.025,1420282560
-6.005,1420282620
-5.985,1420282680
-5.965,1420282740
-5.965,1420282800
-5.98,1420282860
-6.005,1420282920
-6.02,1420282980
-6.035,1420283040
-6.05,1420283100
-6.045,1420283160
-6.045,1420283220
-6.025,1420283280
-6.01,1420283340
-5.985,1420283400
-5.96,1420283460
-5.955,1420283520
-5.97,1420283580
-5.99,1420283640
-6.03,1420283700
-6.065,1420283760
-6.1,1420283820
-6.105,1420283880
-6.13,1420283940
-6.13,1420284000
-6.125,1420284060
-6.135,1420284120
-6.16,1420284180
-6.17,1420284240
-6.185,1420284300
-6.21,1420284360
-6.235,1420284420
-6.23,1420284480
-6.25,1420284540
-6.215,1420284600
-6.205,1420284660
-6.21,1420284720
-6.19,1420284780
-6.195,1420284840
-6.215,1420284900
-6.22,1420284960
-6.23,1420285020
-6.24,1420285080
-6.24,1420285140
-6.23,1420285200
-6.23,1420285260
-6.225,1420285320
-6.205,1420285380
-6.19,1420285440
-6.19,1420285500
-6.2,1420285560
-6.19,1420285620
-6.2,1420285680
-6.19,1420285740
-6.205,1420285800
-6.215,1420285860
-6.205,1420285920
-6.205,1420285980
-6.205,1420286040
-6.2,1420286100
-6.205,1420286160
-6.22,1420286220
-6.23,1420286280
-6.225,1420286340
-6.215,1420286400
-6.185,1420286460
-6.11,1420286520
-5.99,1420286580
-5.825,1420286640
-5.695,1420286700
-5.56,1420286760
-5.465,1420286820
-5.455,1420286880
-5.47,1420286940
-5.48,1420287000
-5.435,1420287060
-5.35,1420287120
-5.22,1420287180
-5.035,1420287240
-4.885,1420287300
-4.815,1420287360
-4.87,1420287420
-5.075,1420287480
-5.4,1420287540
-5.78,1420287600
-6.155,1420287660
-6.44,1420287720
-6.64,1420287780
-6.76,1420287840
-6.845,1420287900
-6.905,1420287960
-6.975,1420288020
-7.035,1420288080
-7.085,1420288140
-7.12,1420288200
-7.155,1420288260
-7.15,1420288320
-7.165,1420288380
-7.18,1420288440
-7.2,1420288500
-7.195,1420288560
-7.2,1420288620
-7.185,1420288680
-7.155,1420288740
-7.125,1420288800
-7.04,1420288860
-6.92,1420288920
-6.79,1420288980
-6.665,1420289040
-6.525,1420289100
-6.44,1420289160
-6.375,1420289220
-6.335,1420289280
-6.33,1420289340
-6.335,1420289400
-6.34,1420289460
-6.35,1420289520
-6.335,1420289580
-6.305,1420289640
-6.29,1420289700
-6.26,1420289760
-6.25,1420289820
-6.26,1420289880
-6.275,1420289940
-6.285,1420290000
-6.305,1420290060
-6.305,1420290120
-6.315,1420290180
-6.315,1420290240
-6.3,1420290300
-6.295,1420290360
-6.295,1420290420
-6.29,1420290480
-6.28,1420290540
-6.295,1420290600
-6.31,1420290660
-6.295,1420290720
-6.31,1420290780
-6.315,1420290840
-6.335,1420290900
-6.335,1420290960
-6.345,1420291020
-6.365,1420291080
-6.38,1420291140
-6.375,1420291200
-6.38,1420291260
-6.38,1420291320
-6.39,1420291380
-6.415,1420291440
-6.425,1420291500
-6.455,1420291560
-6.445,1420291620
-6.455,1420291680
-6.47,1420291740
-6.46,1420291800
-6.465,1420291860
-6.46,1420291920
-6.47,1420291980
-6.485,1420292040
-6.485,1420292100
-6.485,1420292160
-6.485,1420292220
-6.505,1420292280
-6.52,1420292340
-6.52,1420292400
-6.515,1420292460
-6.515,1420292520
-6.51,1420292580
-6.505,1420292640
-6.495,1420292700
-6.49,1420292760
-6.51,1420292820
-6.5,1420292880
-6.5,1420292940
-6.5,1420293000
-6.495,1420293060
-6.47,1420293120
-6.445,1420293180
-6.43,1420293240
-6.405,1420293300
-6.385,1420293360
-6.37,1420293420
-6.375,1420293480
-6.36,1420293540
-6.34,1420293600
-6.34,1420293660
-6.33,1420293720
-6.32,1420293780
-6.315,1420293840
-6.305,1420293900
-6.27,1420293960
-6.24,1420294020
-6.225,1420294080
-6.2,1420294140
-6.18,1420294200
-6.17,1420294260
-6.18,1420294320
-6.18,1420294380
-6.175,1420294440
-6.17,1420294500
-6.165,1420294560
-6.155,1420294620
-6.15,1420294680
-6.155,1420294740
-6.155,1420294800
-6.13,1420294860
-6.14,1420294920
-6.13,1420294980
-6.125,1420295040
-6.15,1420295100
-6.14,1420295160
-6.145,1420295220
-6.14,1420295280
-6.14,1420295340
-6.135,1420295400
-6.135,1420295460
-6.135,1420295520
-6.12,1420295580
-6.115,1420295640
-6.135,1420295700
-6.14,1420295760
-6.145,1420295820
-6.15,1420295880
-6.16,1420295940
-6.165,1420296000
-6.15,1420296060
-6.145,1420296120
-6.13,1420296180
-6.13,1420296240
-6.125,1420296300
-6.135,1420296360
-6.15,1420296420
-6.155,1420296480
-6.165,1420296540
-6.175,1420296600
-6.2,1420296660
-6.205,1420296720
-6.2,1420296780
-6.19,1420296840
-6.185,1420296900
-6.16,1420296960
-6.185,1420297020
-6.18,1420297080
-6.195,1420297140
-6.18,1420297200
-6.18,1420297260
-6.195,1420297320
-6.205,1420297380
-6.19,1420297440
-6.19,1420297500
-6.175,1420297560
-6.2,1420297620
-6.175,1420297680
-6.165,1420297740
-6.17,1420297800
-6.175,1420297860
-6.17,1420297920
-6.175,1420297980
-6.17,1420298040
-6.18,1420298100
-6.18,1420298160
-6.19,1420298220
-6.185,1420298280
-6.175,1420298340
-6.155,1420298400
-6.14,1420298460
-6.15,1420298520
-6.17,1420298580
-6.17,1420298640
-6.17,1420298700
-6.17,1420298760
-6.17,1420298820
-6.175,1420298880
-6.16,1420298940
-6.155,1420299000
-6.155,1420299060
-6.14,1420299120
-6.13,1420299180
-6.115,1420299240
-6.105,1420299300
-6.1,1420299360
-6.105,1420299420
-6.1,1420299480
-6.095,1420299540
-6.095,1420299600
-6.07,1420299660
-6.055,1420299720
-6.055,1420299780
-6.04,1420299840
-6.025,1420299900
-6.03,1420299960
-6.02,1420300020
-6.005,1420300080
-5.99,1420300140
-5.98,1420300200
-5.975,1420300260
-5.955,1420300320
-5.96,1420300380
-5.955,1420300440
-5.95,1420300500
-5.965,1420300560
-5.98,1420300620
-5.995,1420300680
-6.015,1420300740
-6.025,1420300800
-6.02,1420300860
-6.005,1420300920
-5.99,1420300980
-5.96,1420301040
-5.96,1420301100
-5.94,1420301160
-5.955,1420301220
-5.985,1420301280
-6.005,1420301340
-6.055,1420301400
-6.085,1420301460
-6.1,1420301520
-6.12,1420301580
-6.135,1420301640
-6.145,1420301700
-6.155,1420301760
-6.18,1420301820
-6.18,1420301880
-6.18,1420301940
-6.185,1420302000
-6.18,1420302060
-6.19,1420302120
-6.185,1420302180
-6.19,1420302240
-6.205,1420302300
-6.22,1420302360
-6.215,1420302420
-6.215,1420302480
-6.205,1420302540
-6.19,1420302600
-6.185,1420302660
-6.175,1420302720
-6.175,1420302780
-6.18,1420302840
-6.185,1420302900
-6.19,1420302960
-6.205,1420303020
-6.21,1420303080
-6.2,1420303140
-6.205,1420303200
-6.19,1420303260
-6.19,1420303320
-6.18,1420303380
-6.17,1420303440
-6.15,1420303500
-6.17,1420303560
-6.18,1420303620
-6.22,1420303680
-6.24,1420303740
-6.235,1420303800
-6.245,1420303860
-6.225,1420303920
-6.155,1420303980
-6.03,1420304040
-5.915,1420304100
-5.775,1420304160
-5.64,1420304220
-5.545,1420304280
-5.515,1420304340
-5.505,1420304400
-5.495,1420304460
-5.47,1420304520
-5.38,1420304580
-5.205,1420304640
-5.01,1420304700
-4.8,1420304760
-4.67,1420304820
-4.665,1420304880
-4.835,1420304940
-5.18,1420305000
-5.6,1420305060
-5.995,1420305120
-6.335,1420305180
-6.56,1420305240
-6.685,1420305300
-6.76,1420305360
-6.815,1420305420
-6.88,1420305480
-6.93,1420305540
-7,1420305600
-7.04,1420305660
-7.065,1420305720
-7.095,1420305780
-7.11,1420305840
-7.11,1420305900
-7.12,1420305960
-7.13,1420306020
-7.105,1420306080
-7.075,1420306140
-7.025,1420306200
-6.935,1420306260
-6.825,1420306320
-6.695,1420306380
-6.565,1420306440
-6.445,1420306500
-6.355,1420306560
-6.285,1420306620
-6.235,1420306680
-6.215,1420306740
-6.21,1420306800
-6.2,1420306860
-6.185,1420306920
-6.165,1420306980
-6.155,1420307040
-6.125,1420307100
-6.13,1420307160
-6.13,1420307220
-6.12,1420307280
-6.105,1420307340
-6.115,1420307400
-6.13,1420307460
-6.12,1420307520
-6.12,1420307580
-6.125,1420307640
-6.14,1420307700
-6.12,1420307760
-6.12,1420307820
-6.125,1420307880
-6.16,1420307940
-6.145,1420308000
-6.17,1420308060
-6.175,1420308120
-6.2,1420308180
-6.215,1420308240
-6.2,1420308300
-6.21,1420308360
-6.21,1420308420
-6.225,1420308480
-6.215,1420308540
-6.24,1420308600
-6.25,1420308660
-6.28,1420308720
-6.29,1420308780
-6.295,1420308840
-6.31,1420308900
-6.315,1420308960
-6.33,1420309020
-6.31,1420309080
-6.31,1420309140
-6.305,1420309200
-6.315,1420309260
-6.315,1420309320
-6.33,1420309380
-6.33,1420309440
-6.345,1420309500
-6.35,1420309560
-6.355,1420309620
-6.37,1420309680
-6.375,1420309740
-6.36,1420309800
-6.355,1420309860
-6.335,1420309920
-6.315,1420309980
-6.32,1420310040
-6.325,1420310100
-6.33,1420310160
-6.335,1420310220
-6.335,1420310280
-6.32,1420310340
-6.305,1420310400
-6.285,1420310460
-6.27,1420310520
-6.24,1420310580
-6.22,1420310640
-6.195,1420310700
-6.18,1420310760
-6.165,1420310820
-6.14,1420310880
-6.15,1420310940
-6.135,1420311000
-6.145,1420311060
-6.135,1420311120
-6.12,1420311180
-6.085,1420311240
-6.065,1420311300
-6.055,1420311360
-6.035,1420311420
-6.03,1420311480
-6.015,1420311540
-6.01,1420311600
-6.015,1420311660
-6.025,1420311720
-6.025,1420311780
-6.015,1420311840
-6,1420311900
-5.995,1420311960
-5.98,1420312020
-5.965,1420312080
-5.97,1420312140
-5.965,1420312200
-5.965,1420312260
-5.98,1420312320
-5.98,1420312380
-5.99,1420312440
-6,1420312500
-5.995,1420312560
-5.985,1420312620
-5.98,1420312680
-5.985,1420312740
-5.975,1420312800
-5.96,1420312860
-5.96,1420312920
-5.97,1420312980
-5.975,1420313040
-6,1420313100
-5.995,1420313160
-6.005,1420313220
-6.015,1420313280
-6,1420313340
-6.01,1420313400
-6.005,1420313460
-6,1420313520
-6,1420313580
-6,1420313640
-5.995,1420313700
-6.01,1420313760
-6.005,1420313820
-6.025,1420313880
-6.025,1420313940
-6.025,1420314000
-6.025,1420314060
-6.03,1420314120
-6.015,1420314180
-6.005,1420314240
-5.985,1420314300
-6.005,1420314360
-5.995,1420314420
-6.015,1420314480
-6.01,1420314540
-6.025,1420314600
-6.025,1420314660
-6.025,1420314720
-6.015,1420314780
-6.02,1420314840
-5.99,1420314900
-5.985,1420314960
-5.975,1420315020
-5.97,1420315080
-5.975,1420315140
-5.985,1420315200
-6,1420315260
-6.005,1420315320
-6.015,1420315380
-6.015,1420315440
-6.025,1420315500
-6.02,1420315560
-6.015,1420315620
-6.005,1420315680
-6,1420315740
-5.995,1420315800
-6,1420315860
-6.005,1420315920
-5.995,1420315980
-6.01,1420316040
-5.99,1420316100
-5.98,1420316160
-5.995,1420316220
-5.99,1420316280
-5.995,1420316340
-5.96,1420316400
-5.955,1420316460
-5.955,1420316520
-5.92,1420316580
-5.92,1420316640
-5.925,1420316700
-5.91,1420316760
-5.915,1420316820
-5.915,1420316880
-5.895,1420316940
-5.885,1420317000
-5.88,1420317060
-5.865,1420317120
-5.845,1420317180
-5.88,1420317240
-5.855,1420317300
-5.835,1420317360
-5.83,1420317420
-5.82,1420317480
-5.81,1420317540
-5.82,1420317600
-5.835,1420317660
-5.84,1420317720
-5.855,1420317780
-5.845,1420317840
-5.85,1420317900
-5.86,1420317960
-5.84,1420318020
-5.83,1420318080
-5.815,1420318140
-5.79,1420318200
-5.785,1420318260
-5.805,1420318320
-5.825,1420318380
-5.855,1420318440
-5.88,1420318500
-5.91,1420318560
-5.93,1420318620
-5.935,1420318680
-5.95,1420318740
-5.975,1420318800
-5.98,1420318860
-6.025,1420318920
-6.04,1420318980
-6.04,1420319040
-6.025,1420319100
-6.025,1420319160
-6.03,1420319220
-6.025,1420319280
-6.04,1420319340
-6.045,1420319400
-6.04,1420319460
-6.03,1420319520
-6.05,1420319580
-6.03,1420319640
-6.05,1420319700
-6.055,1420319760
-6.05,1420319820
-6.05,1420319880
-6.045,1420319940
-6.055,1420320000
-6.05,1420320060
-6.055,1420320120
-6.055,1420320180
-6.07,1420320240
-6.06,1420320300
-6.065,1420320360
-6.05,1420320420
-6.07,1420320480
-6.095,1420320540
-6.085,1420320600
-6.075,1420320660
-6.055,1420320720
-6.05,1420320780
-6.05,1420320840
-6.06,1420320900
-6.06,1420320960
-6.075,1420321020
-6.07,1420321080
-6.05,1420321140
-5.97,1420321200
-5.885,1420321260
-5.725,1420321320
-5.565,1420321380
-5.425,1420321440
-5.32,1420321500
-5.275,1420321560
-5.29,1420321620
-5.32,1420321680
-5.335,1420321740
-5.3,1420321800
-5.215,1420321860
-5.055,1420321920
-4.875,1420321980
-4.74,1420322040
-4.715,1420322100
-4.83,1420322160
-5.145,1420322220
-5.58,1420322280
-6.015,1420322340
-6.4,1420322400
-6.645,1420322460
-6.795,1420322520
-6.875,1420322580
-6.93,1420322640
-6.975,1420322700
-7.01,1420322760
-7.05,1420322820
-7.07,1420322880
-7.075,1420322940
-7.1,1420323000
-7.11,1420323060
-7.13,1420323120
-7.15,1420323180
-7.15,1420323240
-7.15,1420323300
-7.125,1420323360
-7.08,1420323420
-7,1420323480
-6.895,1420323540
-6.765,1420323600
-6.625,1420323660
-6.49,1420323720
-6.375,1420323780
-6.29,1420323840
-6.215,1420323900
-6.18,1420323960
-6.17,1420324020
-6.18,1420324080
-6.18,1420324140
-6.17,1420324200
-6.16,1420324260
-6.135,1420324320
-6.12,1420324380
-6.12,1420324440
-6.12,1420324500
-6.115,1420324560
-6.12,1420324620
-6.125,1420324680
-6.13,1420324740
-6.145,1420324800
-6.15,1420324860
-6.14,1420324920
-6.12,1420324980
-6.12,1420325040
-6.12,1420325100
-6.125,1420325160
-6.135,1420325220
-6.15,1420325280
-6.185,1420325340
-6.185,1420325400
-6.195,1420325460
-6.22,1420325520
-6.22,1420325580
-6.23,1420325640
-6.25,1420325700
-6.235,1420325760
-6.23,1420325820
-6.245,1420325880
-6.26,1420325940
-6.27,1420326000
-6.29,1420326060
-6.305,1420326120
-6.305,1420326180
-6.305,1420326240
-6.32,1420326300
-6.325,1420326360
-6.325,1420326420
-6.345,1420326480
-6.33,1420326540
-6.335,1420326600
-6.355,1420326660
-6.35,1420326720
-6.37,1420326780
-6.37,1420326840
-6.395,1420326900
-6.39,1420326960
-6.38,1420327020
-6.375,1420327080
-6.365,1420327140
-6.36,1420327200
-6.33,1420327260
-6.345,1420327320
-6.33,1420327380
-6.34,1420327440
-6.33,1420327500
-6.34,1420327560
-6.32,1420327620
-6.325,1420327680
-6.315,1420327740
-6.295,1420327800
-6.265,1420327860
-6.255,1420327920
-6.195,1420327980
-6.185,1420328040
-6.18,1420328100
-6.175,1420328160
-6.16,1420328220
-6.17,1420328280
-6.155,1420328340
-6.145,1420328400
-6.145,1420328460
-6.12,1420328520
-6.09,1420328580
-6.08,1420328640
-6.045,1420328700
-6.04,1420328760
-6.04,1420328820
-6.04,1420328880
-6.04,1420328940
-6.04,1420329000
-6.045,1420329060
-6.035,1420329120
-6.05,1420329180
-6.04,1420329240
-6.025,1420329300
-6,1420329360
-5.98,1420329420
-5.99,1420329480
-5.99,1420329540
-5.995,1420329600
-5.99,1420329660
-5.99,1420329720
-6.005,1420329780
-6.01,1420329840
-6.01,1420329900
-5.995,1420329960
-5.975,1420330020
-5.96,1420330080
-5.955,1420330140
-5.975,1420330200
-5.975,1420330260
-6.005,1420330320
-6.005,1420330380
-6.015,1420330440
-6.005,1420330500
-6.005,1420330560
-6,1420330620
-5.99,1420330680
-5.99,1420330740
-5.985,1420330800
-5.97,1420330860
-5.995,1420330920
-5.995,1420330980
-6.01,1420331040
-6.005,1420331100
-6.03,1420331160
-6.035,1420331220
-6.035,1420331280
-6.045,1420331340
-6.015,1420331400
-5.995,1420331460
-5.995,1420331520
-5.985,1420331580
-5.985,1420331640
-5.995,1420331700
-6.01,1420331760
-6.005,1420331820
-6.025,1420331880
-6.015,1420331940
-6.03,1420332000
-6.03,1420332060
-6.02,1420332120
-6.01,1420332180
-5.995,1420332240
-5.985,1420332300
-5.985,1420332360
-5.985,1420332420
-5.99,1420332480
-6,1420332540
-5.995,1420332600
-6.01,1420332660
-6.025,1420332720
-6.015,1420332780
-6,1420332840
-5.985,1420332900
-5.98,1420332960
-5.975,1420333020
-5.98,1420333080
-5.99,1420333140
-6.005,1420333200
-6.005,1420333260
-6.01,1420333320
-5.99,1420333380
-6,1420333440
-5.985,1420333500
-5.975,1420333560
-5.96,1420333620
-5.965,1420333680
-5.965,1420333740
-5.965,1420333800
-5.97,1420333860
-5.955,1420333920
-5.96,1420333980
-5.955,1420334040
-5.955,1420334100
-5.945,1420334160
-5.945,1420334220
-5.915,1420334280
-5.895,1420334340
-5.88,1420334400
-5.86,1420334460
-5.87,1420334520
-5.865,1420334580
-5.865,1420334640
-5.87,1420334700
-5.865,1420334760
-5.84,1420334820
-5.82,1420334880
-5.795,1420334940
-5.785,1420335000
-5.795,1420335060
-5.795,1420335120
-5.8,1420335180
-5.835,1420335240
-5.865,1420335300
-5.89,1420335360
-5.895,1420335420
-5.865,1420335480
-5.85,1420335540
-5.84,1420335600
-5.8,1420335660
-5.78,1420335720
-5.775,1420335780
-5.785,1420335840
-5.805,1420335900
-5.845,1420335960
-5.875,1420336020
-5.91,1420336080
-5.94,1420336140
-5.94,1420336200
-5.955,1420336260
-5.98,1420336320
-5.99,1420336380
-5.99,1420336440
-6.005,1420336500
-6.02,1420336560
-6.02,1420336620
-6,1420336680
-6.005,1420336740
-5.995,1420336800
-6.005,1420336860
-6.01,1420336920
-6.035,1420336980
-6.06,1420337040
-6.06,1420337100
-6.05,1420337160
-6.045,1420337220
-6.04,1420337280
-6.025,1420337340
-6.03,1420337400
-6.02,1420337460
-6.01,1420337520
-6.02,1420337580
-6.045,1420337640
-6.055,1420337700
-6.055,1420337760
-6.05,1420337820
-6.05,1420337880
-6.035,1420337940
-6.04,1420338000
-6.025,1420338060
-6.02,1420338120
-6.035,1420338180
-6.05,1420338240
-6.07,1420338300
-6.08,1420338360
-6.09,1420338420
-6.065,1420338480
-5.995,1420338540
-5.88,1420338600
-5.74,1420338660
-5.565,1420338720
-5.41,1420338780
-5.335,1420338840
-5.305,1420338900
-5.31,1420338960
-5.355,1420339020
-5.335,1420339080
-5.27,1420339140
-5.135,1420339200
-4.94,1420339260
-4.765,1420339320
-4.635,1420339380
-4.635,1420339440
-4.78,1420339500
-5.105,1420339560
-5.53,1420339620
-5.94,1420339680
-6.255,1420339740
-6.48,1420339800
-6.605,1420339860
-6.69,1420339920
-6.74,1420339980
-6.805,1420340040
-6.865,1420340100
-6.92,1420340160
-6.97,1420340220
-7.005,1420340280
-7.035,1420340340
-7.055,1420340400
-7.08,1420340460
-7.075,1420340520
-7.095,1420340580
-7.09,1420340640
-7.06,1420340700
-6.995,1420340760
-6.915,1420340820
-6.82,1420340880
-6.66,1420340940
-6.535,1420341000
-6.385,1420341060
-6.275,1420341120
-6.21,1420341180
-6.175,1420341240
-6.14,1420341300
-6.16,1420341360
-6.15,1420341420
-6.135,1420341480
-6.12,1420341540
-6.095,1420341600
-6.085,1420341660
-6.08,1420341720
-6.095,1420341780
-6.095,1420341840
-6.095,1420341900
-6.095,1420341960
-6.095,1420342020
-6.105,1420342080
-6.115,1420342140
-6.105,1420342200
-6.09,1420342260
-6.095,1420342320
-6.08,1420342380
-6.095,1420342440
-6.1,1420342500
-6.11,1420342560
-6.12,1420342620
-6.15,1420342680
-6.165,1420342740
-6.16,1420342800
-6.18,1420342860
-6.17,1420342920
-6.16,1420342980
-6.175,1420343040
-6.17,1420343100
-6.19,1420343160
-6.225,1420343220
-6.245,1420343280
-6.27,1420343340
-6.275,1420343400
-6.28,1420343460
-6.28,1420343520
-6.295,1420343580
-6.29,1420343640
-6.28,1420343700
-6.28,1420343760
-6.275,1420343820
-6.275,1420343880
-6.315,1420343940
-6.305,1420344000
-6.33,1420344060
-6.34,1420344120
-6.35,1420344180
-6.37,1420344240
-6.345,1420344300
-6.34,1420344360
-6.335,1420344420
-6.33,1420344480
-6.305,1420344540
-6.32,1420344600
-6.335,1420344660
-6.32,1420344720
-6.325,1420344780
-6.33,1420344840
-6.31,1420344900
-6.315,1420344960
-6.3,1420345020
-6.27,1420345080
-6.25,1420345140
-6.235,1420345200
-6.215,1420345260
-6.215,1420345320
-6.215,1420345380
-6.18,1420345440
-6.16,1420345500
-6.155,1420345560
-6.14,1420345620
-6.135,1420345680
-6.13,1420345740
-6.085,1420345800
-6.075,1420345860
-6.045,1420345920
-6.03,1420345980
-6.025,1420346040
-6.02,1420346100
-6.02,1420346160
-6.02,1420346220
-6.02,1420346280
-6.015,1420346340
-6.01,1420346400
-5.995,1420346460
-5.98,1420346520
-5.965,1420346580
-5.95,1420346640
-5.94,1420346700
-5.95,1420346760
-5.945,1420346820
-5.955,1420346880
-5.96,1420346940
-5.965,1420347000
-5.97,1420347060
-5.975,1420347120
-5.965,1420347180
-5.96,1420347240
-5.975,1420347300
-5.965,1420347360
-5.96,1420347420
-5.96,1420347480
-5.95,1420347540
-5.935,1420347600
-5.955,1420347660
-5.96,1420347720
-5.95,1420347780
-5.97,1420347840
-5.985,1420347900
-5.97,1420347960
-5.965,1420348020
-5.955,1420348080
-5.955,1420348140
-5.955,1420348200
-5.94,1420348260
-5.955,1420348320
-5.98,1420348380
-5.985,1420348440
-6.01,1420348500
-6.015,1420348560
-6.005,1420348620
-6,1420348680
-5.985,1420348740
-5.975,1420348800
-5.965,1420348860
-5.965,1420348920
-5.985,1420348980
-6,1420349040
-6.02,1420349100
-6.01,1420349160
-6.02,1420349220
-6.03,1420349280
-6.025,1420349340
-6.005,1420349400
-6.01,1420349460
-6,1420349520
-5.98,1420349580
-5.96,1420349640
-5.96,1420349700
-5.98,1420349760
-5.98,1420349820
-6.015,1420349880
-6.015,1420349940
-6.025,1420350000
-6.01,1420350060
-6.005,1420350120
-5.99,1420350180
-5.985,1420350240
-5.99,1420350300
-5.975,1420350360
-5.975,1420350420
-5.97,1420350480
-5.98,1420350540
-5.975,1420350600
-5.97,1420350660
-5.99,1420350720
-5.99,1420350780
-6,1420350840
-5.985,1420350900
-5.985,1420350960
-5.965,1420351020
-5.985,1420351080
-5.97,1420351140
-5.965,1420351200
-5.96,1420351260
-5.985,1420351320
-5.96,1420351380
-5.93,1420351440
-5.93,1420351500
-5.915,1420351560
-5.905,1420351620
-5.885,1420351680
-5.875,1420351740
-5.87,1420351800
-5.865,1420351860
-5.86,1420351920
-5.86,1420351980
-5.865,1420352040
-5.845,1420352100
-5.835,1420352160
-5.82,1420352220
-5.79,1420352280
-5.76,1420352340
-5.765,1420352400
-5.755,1420352460
-5.75,1420352520
-5.785,1420352580
-5.81,1420352640
-5.835,1420352700
-5.865,1420352760
-5.865,1420352820
-5.865,1420352880
-5.86,1420352940
-5.835,1420353000
-5.8,1420353060
-5.775,1420353120
-5.76,1420353180
-5.755,1420353240
-5.78,1420353300
-5.805,1420353360
-5.865,1420353420
-5.9,1420353480
-5.955,1420353540
-5.96,1420353600
-5.965,1420353660
-5.955,1420353720
-5.965,1420353780
-5.955,1420353840
-5.965,1420353900
-5.97,1420353960
-5.98,1420354020
-6.005,1420354080
-6.015,1420354140
-6.025,1420354200
-6.03,1420354260
-6.035,1420354320
-6.035,1420354380
-6.03,1420354440
-6.015,1420354500
-6.01,1420354560
-6,1420354620
-6.01,1420354680
-6.005,1420354740
-6.015,1420354800
-6.035,1420354860
-6.045,1420354920
-6.045,1420354980
-6.05,1420355040
-6.055,1420355100
-6.035,1420355160
-6.03,1420355220
-6.02,1420355280
-6.025,1420355340
-6.02,1420355400
-6.015,1420355460
-6.025,1420355520
-6.03,1420355580
-6.045,1420355640
-6.035,1420355700
-6.04,1420355760
-6.045,1420355820
-6.05,1420355880
-6.06,1420355940
-6.075,1420356000
-6.08,1420356060
-6.105,1420356120
-6.075,1420356180
-6.025,1420356240
-5.94,1420356300
-5.825,1420356360
-5.69,1420356420
-5.585,1420356480
-5.475,1420356540
-5.415,1420356600
-5.39,1420356660
-5.415,1420356720
-5.405,1420356780
-5.34,1420356840
-5.205,1420356900
-5.01,1420356960
-4.8,1420357020
-4.66,1420357080
-4.6,1420357140
-4.685,1420357200
-4.97,1420357260
-5.385,1420357320
-5.81,1420357380
-6.185,1420357440
-6.45,1420357500
-6.605,1420357560
-6.715,1420357620
-6.8,1420357680
-6.865,1420357740
-6.955,1420357800
-7.02,1420357860
-7.075,1420357920
-7.12,1420357980
-7.115,1420358040
-7.125,1420358100
-7.115,1420358160
-7.11,1420358220
-7.11,1420358280
-7.1,1420358340
-7.09,1420358400
-7.03,1420358460
-6.965,1420358520
-6.865,1420358580
-6.72,1420358640
-6.565,1420358700
-6.425,1420358760
-6.315,1420358820
-6.245,1420358880
-6.18,1420358940
-6.15,1420359000
-6.145,1420359060
-6.155,1420359120
-6.13,1420359180
-6.125,1420359240
-6.11,1420359300
-6.11,1420359360
-6.125,1420359420
-6.1,1420359480
-6.095,1420359540
-6.07,1420359600
-6.06,1420359660
-6.065,1420359720
-6.075,1420359780
-6.075,1420359840
-6.09,1420359900
-6.08,1420359960
-6.11,1420360020
-6.12,1420360080
-6.115,1420360140
-6.12,1420360200
-6.13,1420360260
-6.125,1420360320
-6.13,1420360380
-6.14,1420360440
-6.135,1420360500
-6.145,1420360560
-6.17,1420360620
-6.185,1420360680
-6.205,1420360740
-6.23,1420360800
-6.23,1420360860
-6.24,1420360920
-6.235,1420360980
-6.225,1420361040
-6.23,1420361100
-6.24,1420361160
-6.245,1420361220
-6.25,1420361280
-6.29,1420361340
-6.31,1420361400
-6.32,1420361460
-6.325,1420361520
-6.305,1420361580
-6.295,1420361640
-6.295,1420361700
-6.31,1420361760
-6.3,1420361820
-6.315,1420361880
-6.31,1420361940
-6.33,1420362000
-6.325,1420362060
-6.33,1420362120
-6.335,1420362180
-6.315,1420362240
-6.3,1420362300
-6.285,1420362360
-6.28,1420362420
-6.275,1420362480
-6.265,1420362540
-6.25,1420362600
-6.235,1420362660
-6.23,1420362720
-6.24,1420362780
-6.25,1420362840
-6.215,1420362900
-6.205,1420362960
-6.19,1420363020
-6.155,1420363080
-6.12,1420363140
-6.1,1420363200
-6.08,1420363260
-6.06,1420363320
-6.065,1420363380
-6.07,1420363440
-6.05,1420363500
-6.04,1420363560
-6.04,1420363620
-6.03,1420363680
-6.025,1420363740
-6.02,1420363800
-5.995,1420363860
-5.97,1420363920
-5.96,1420363980
-5.945,1420364040
-5.935,1420364100
-5.94,1420364160
-5.955,1420364220
-5.96,1420364280
-5.955,1420364340
-5.945,1420364400
-5.945,1420364460
-5.945,1420364520
-5.93,1420364580
-5.925,1420364640
-5.92,1420364700
-5.92,1420364760
-5.915,1420364820
-5.94,1420364880
-5.94,1420364940
-5.95,1420365000
-5.95,1420365060
-5.955,1420365120
-5.955,1420365180
-5.96,1420365240
-5.95,1420365300
-5.95,1420365360
-5.95,1420365420
-5.945,1420365480
-5.945,1420365540
-5.965,1420365600
-5.975,1420365660
-5.975,1420365720
-5.98,1420365780
-5.98,1420365840
-5.98,1420365900
-5.99,1420365960
-5.98,1420366020
-5.98,1420366080
-5.98,1420366140
-5.975,1420366200
-5.965,1420366260
-5.975,1420366320
-5.97,1420366380
-5.98,1420366440
-6,1420366500
-5.995,1420366560
-5.995,1420366620
-5.98,1420366680
-5.965,1420366740
-5.975,1420366800
-5.945,1420366860
-5.95,1420366920
-5.96,1420366980
-5.975,1420367040
-5.985,1420367100
-5.995,1420367160
-6.005,1420367220
-6.015,1420367280
-6.01,1420367340
-6.015,1420367400
-5.99,1420367460
-5.965,1420367520
-5.95,1420367580
-5.96,1420367640
-5.965,1420367700
-5.96,1420367760
-5.975,1420367820
-5.97,1420367880
-5.98,1420367940
-5.97,1420368000
-5.985,1420368060
-5.97,1420368120
-5.96,1420368180
-5.955,1420368240
-5.975,1420368300
-5.985,1420368360
-5.965,1420368420
-5.95,1420368480
-5.96,1420368540
-5.96,1420368600
-5.955,1420368660
-5.955,1420368720
-5.95,1420368780
-5.945,1420368840
-5.94,1420368900
-5.925,1420368960
-5.925,1420369020
-5.91,1420369080
-5.885,1420369140
-5.88,1420369200
-5.855,1420369260
-5.86,1420369320
-5.875,1420369380
-5.865,1420369440
-5.85,1420369500
-5.835,1420369560
-5.825,1420369620
-5.785,1420369680
-5.75,1420369740
-5.74,1420369800
-5.74,1420369860
-5.755,1420369920
-5.775,1420369980
-5.795,1420370040
-5.835,1420370100
-5.855,1420370160
-5.855,1420370220
-5.86,1420370280
-5.845,1420370340
