1420070400,-0.22
1420070460,0.02
1420070520,-0.22
1420070580,0.02
1420070640,-0.22
1420070700,-0.02
1420070760,-0.22
1420070820,-0.02
1420070880,-0.22
1420070940,-0.02
1420071000,-0.22
1420071060,0.02
1420071120,-0.22
1420071180,-0.02
1420071240,-0.22
1420071300,0.02
1420071360,-0.22
1420071420,-0.02
1420071480,-0.22
1420071540,0.02
1420071600,-0.22
1420071660,0.02
1420071720,-0.22
1420071780,-0.02
1420071840,-0.22
1420071900,-0.02
1420071960,-0.22
1420072020,0.02
1420072080,-0.22
1420072140,0.02
1420072200,-0.22
1420072260,-0.02
1420072320,-0.22
1420072380,-0.02
1420072440,-0.22
1420072500,-0.02
1420072560,-0.22
1420072620,0.02
1420072680,-0.22
1420072740,-0.02
1420072800,-0.22
1420072860,-0.02
1420072920,-0.22
1420072980,0.02
1420073040,-0.22
1420073100,0.02
1420073160,-0.22
1420073220,-0.02
1420073280,-0.22
1420073340,0.02
1420073400,-0.22
1420073460,-0.02
1420073520,-0.22
1420073580,0.02
1420073640,-0.22
1420073700,-0.02
1420073760,-0.22
1420073820,-0.02
1420073880,-0.22
1420073940,0.02
1420074000,-0.22
1420074060,-0.02
1420074120,-0.22
1420074180,-0.02
1420074240,-0.22
1420074300,-0.02
1420074360,-0.22
1420074420,0.02
1420074480,-0.22
1420074540,-0.02
1420074600,-0.22
1420074660,-0.02
1420074720,-0.22
1420074780,0.02
1420074840,-0.22
1420074900,-0.02
1420074960,-0.22
1420075020,-0.02
1420075080,-0.22
1420075140,0.02
1420075200,-0.22
1420075260,-0.02
1420075320,-0.22
1420075380,-0.02
1420075440,-0.22
1420075500,-0.02
1420075560,-0.22
1420075620,-0.02
1420075680,-0.22
1420075740,-0.02
1420075800,-0.22
1420075860,-0.02
1420075920,-0.22
1420075980,-0.02
1420076040,-0.22
1420076100,0.02
1420076160,-0.22
1420076220,-0.02
1420076280,-1.3
1420076340,0.66
1420076400,-1.46
1420076460,1.18
1420076520,0.14
1420076580,0.5
1420076640,0.34
1420076700,0.7
1420076760,0.5
1420076820,0.86
1420076880,0.7
1420076940,1.02
1420077000,0.82
1420077060,1.18
1420077120,0.98
1420077180,1.3
1420077240,1.1
1420077300,1.42
1420077360,1.26
1420077420,1.58
1420077480,1.38
1420077540,1.7
1420077600,1.46
1420077660,1.78
1420077720,1.58
1420077780,1.9
1420077840,1.7
1420077900,2.02
1420077960,1.82
1420078020,2.1
1420078080,1.9
1420078140,2.18
1420078200,2.02
1420078260,2.26
1420078320,2.06
1420078380,2.34
1420078440,2.14
1420078500,2.42
1420078560,2.18
1420078620,2.42
1420078680,1.74
1420078740,2.38
1420078800,0.38
1420078860,1.9
1420078920,-0.06
1420078980,1.54
1420079040,0.9
1420079100,1.18
1420079160,0.98
1420079220,1.26
1420079280,1.06
1420079340,1.38
1420079400,1.14
1420079460,1.42
1420079520,1.26
1420079580,1.54
1420079640,1.18
1420079700,1.7
1420079760,1.46
1420079820,1.82
1420079880,1.62
1420079940,2.14
1420080000,1.82
1420080060,2.22
1420080120,2.06
1420080180,2.42
1420080240,2.26
1420080300,2.62
1420080360,2.46
1420080420,2.82
1420080480,2.62
1420080540,2.94
1420080600,2.78
1420080660,3.14
1420080720,2.94
1420080780,3.3
1420080840,3.1
1420080900,3.38
1420080960,3.22
1420081020,3.5
1420081080,3.34
1420081140,3.58
1420081200,3.42
1420081260,3.66
1420081320,3.46
1420081380,3.74
1420081440,3.5
1420081500,3.78
1420081560,3.58
1420081620,3.82
1420081680,3.62
1420081740,3.86
1420081800,3.66
1420081860,3.86
1420081920,3.66
1420081980,3.9
1420082040,3.7
1420082100,3.9
1420082160,3.7
1420082220,3.94
1420082280,3.7
1420082340,3.94
1420082400,3.74
1420082460,3.94
1420082520,3.74
1420082580,3.98
1420082640,3.74
1420082700,3.98
1420082760,3.74
1420082820,3.98
1420082880,3.7
1420082940,3.98
1420083000,3.74
1420083060,3.98
1420083120,3.74
1420083180,3.98
1420083240,3.74
1420083300,3.98
1420083360,3.74
1420083420,3.98
1420083480,3.74
1420083540,3.98
1420083600,3.74
1420083660,3.98
1420083720,3.74
1420083780,3.98
1420083840,3.74
1420083900,3.98
1420083960,3.74
1420084020,3.98
1420084080,3.7
1420084140,4.02
1420084200,3.74
1420084260,3.98
1420084320,3.74
1420084380,3.98
1420084440,3.74
1420084500,3.98
1420084560,3.74
1420084620,3.98
1420084680,3.74
1420084740,3.98
1420084800,3.74
1420084860,3.98
1420084920,3.74
1420084980,3.98
1420085040,3.74
1420085100,3.98
1420085160,3.74
1420085220,3.98
1420085280,3.74
1420085340,3.98
1420085400,3.74
1420085460,3.98
1420085520,3.74
1420085580,3.98
1420085640,3.74
1420085700,3.98
1420085760,3.74
1420085820,3.98
1420085880,3.74
1420085940,3.98
1420086000,3.74
1420086060,3.98
1420086120,3.74
1420086180,3.98
1420086240,3.74
1420086300,3.98
1420086360,3.74
1420086420,3.98
1420086480,3.74
1420086540,3.98
1420086600,3.74
1420086660,3.98
1420086720,3.74
1420086780,3.98
1420086840,3.74
1420086900,3.98
1420086960,3.74
1420087020,3.98
1420087080,3.74
1420087140,3.98
1420087200,3.74
1420087260,3.98
1420087320,3.74
1420087380,3.98
1420087440,3.7
1420087500,3.98
1420087560,3.74
1420087620,3.98
1420087680,3.74
1420087740,3.98
1420087800,3.74
1420087860,3.98
1420087920,3.74
1420087980,3.98
1420088040,3.74
1420088100,3.98
1420088160,3.7
1420088220,3.98
1420088280,3.74
1420088340,3.98
1420088400,3.74
1420088460,3.98
1420088520,3.74
1420088580,3.98
1420088640,3.74
1420088700,3.98
1420088760,3.74
1420088820,3.98
1420088880,3.74
1420088940,3.98
1420089000,3.7
1420089060,3.98
1420089120,3.74
1420089180,3.98
1420089240,3.74
1420089300,3.98
1420089360,3.74
1420089420,3.98
1420089480,3.74
1420089540,3.98
1420089600,3.74
1420089660,3.98
1420089720,3.74
1420089780,3.98
1420089840,3.74
1420089900,3.98
1420089960,3.74
1420090020,3.98
1420090080,3.74
1420090140,3.98
1420090200,3.74
1420090260,3.98
1420090320,3.74
1420090380,3.98
1420090440,3.74
1420090500,3.98
1420090560,3.74
1420090620,3.98
1420090680,3.74
1420090740,3.98
1420090800,3.74
1420090860,3.98
1420090920,3.74
1420090980,3.98
1420091040,3.74
1420091100,3.98
1420091160,3.74
1420091220,3.98
1420091280,3.74
1420091340,3.98
1420091400,3.74
1420091460,3.98
1420091520,3.74
1420091580,3.98
1420091640,3.74
1420091700,3.98
1420091760,3.74
1420091820,3.98
1420091880,3.7
1420091940,3.98
1420092000,3.74
1420092060,3.98
1420092120,3.7
1420092180,3.98
1420092240,3.74
1420092300,3.94
1420092360,3.02
1420092420,4.34
1420092480,-3.1
1420092540,7.06
1420092600,1.74
1420092660,2.38
1420092720,1.42
1420092780,1.9
1420092840,0.94
1420092900,1.62
1420092960,1.02
1420093020,1.38
1420093080,0.9
1420093140,1.22
1420093200,0.78
1420093260,1.1
1420093320,0.7
1420093380,0.98
1420093440,0.62
1420093500,0.9
1420093560,0.58
1420093620,0.86
1420093680,0.54
1420093740,0.78
1420093800,0.5
1420093860,0.74
1420093920,0.5
1420093980,0.7
1420094040,0.46
1420094100,0.66
1420094160,0.42
1420094220,0.62
1420094280,0.42
1420094340,0.62
1420094400,0.42
1420094460,0.62
1420094520,0.42
1420094580,0.62
1420094640,0.38
1420094700,0.62
1420094760,0.38
1420094820,0.58
1420094880,0.38
1420094940,0.58
1420095000,0.34
1420095060,0.58
1420095120,0.26
1420095180,0.58
1420095240,0.34
1420095300,0.54
1420095360,0.3
1420095420,0.5
1420095480,0.3
1420095540,0.5
1420095600,0.3
1420095660,0.5
1420095720,0.26
1420095780,0.46
1420095840,0.26
1420095900,0.46
1420095960,0.26
1420096020,0.46
1420096080,0.22
1420096140,0.46
1420096200,0.22
1420096260,0.46
1420096320,0.22
1420096380,0.46
1420096440,0.22
1420096500,0.42
1420096560,0.22
1420096620,0.42
1420096680,0.22
1420096740,0.42
1420096800,0.22
1420096860,0.42
1420096920,0.18
1420096980,0.42
1420097040,0.18
1420097100,0.38
1420097160,0.18
1420097220,0.38
1420097280,0.14
1420097340,0.38
1420097400,0.14
1420097460,0.38
1420097520,0.14
1420097580,0.38
1420097640,0.14
1420097700,0.38
1420097760,0.14
1420097820,0.38
1420097880,0.14
1420097940,0.38
1420098000,0.1
1420098060,0.38
1420098120,0.1
1420098180,0.34
1420098240,0.1
1420098300,0.34
1420098360,0.1
1420098420,0.34
1420098480,0.1
1420098540,0.34
1420098600,0.1
1420098660,0.34
1420098720,0.06
1420098780,0.3
1420098840,0.1
1420098900,0.3
1420098960,0.06
1420099020,0.3
1420099080,0.06
1420099140,0.3
1420099200,0.06
1420099260,0.3
1420099320,0.06
1420099380,0.3
1420099440,0.06
1420099500,0.3
1420099560,0.06
1420099620,0.26
1420099680,0.06
1420099740,0.26
1420099800,0.02
1420099860,0.26
1420099920,0.06
1420099980,0.26
1420100040,0.02
1420100100,0.3
1420100160,0.02
1420100220,0.26
1420100280,0.02
1420100340,0.26
1420100400,0.02
1420100460,0.26
1420100520,0.02
1420100580,0.26
1420100640,0.02
1420100700,0.26
1420100760,0.02
1420100820,0.26
1420100880,0.02
1420100940,0.26
1420101000,0.02
1420101060,0.22
1420101120,0.02
1420101180,0.22
1420101240,0.02
1420101300,0.22
1420101360,0.02
1420101420,0.3
1420101480,0.14
1420101540,0.74
1420101600,0.58
1420101660,1.06
1420101720,0.54
1420101780,1.02
1420101840,0.62
1420101900,0.94
1420101960,0.62
1420102020,0.86
1420102080,0.58
1420102140,0.82
1420102200,0.54
1420102260,0.78
1420102320,0.5
1420102380,0.74
1420102440,0.46
1420102500,0.74
1420102560,0.42
1420102620,0.66
1420102680,0.38
1420102740,0.62
1420102800,0.38
1420102860,0.58
1420102920,0.34
1420102980,0.54
1420103040,0.3
1420103100,0.54
1420103160,0.3
1420103220,0.5
1420103280,0.26
1420103340,0.46
1420103400,0.22
1420103460,0.46
1420103520,0.22
1420103580,0.42
1420103640,0.18
1420103700,0.42
1420103760,0.14
1420103820,0.38
1420103880,0.14
1420103940,0.38
1420104000,0.14
1420104060,0.34
1420104120,0.1
1420104180,0.34
1420104240,0.1
1420104300,0.3
1420104360,0.06
1420104420,0.3
1420104480,0.06
1420104540,0.26
1420104600,0.02
1420104660,0.26
1420104720,0.02
1420104780,0.22
1420104840,-0.02
1420104900,0.22
1420104960,-0.02
1420105020,0.22
1420105080,-0.02
1420105140,0.22
1420105200,-0.02
1420105260,0.18
1420105320,-0.06
1420105380,0.18
1420105440,-0.06
1420105500,0.14
1420105560,-0.06
1420105620,0.14
1420105680,-0.1
1420105740,0.14
1420105800,-0.1
1420105860,0.14
1420105920,-0.1
1420105980,0.1
1420106040,-0.1
1420106100,0.1
1420106160,-0.14
1420106220,0.1
1420106280,-0.14
1420106340,0.1
1420106400,-0.14
1420106460,0.1
1420106520,-0.14
1420106580,0.06
1420106640,-0.14
1420106700,0.06
1420106760,-0.14
1420106820,0.06
1420106880,-0.18
1420106940,0.06
1420107000,-0.18
1420107060,0.06
1420107120,-0.18
1420107180,0.06
1420107240,-0.18
1420107300,0.02
1420107360,-0.18
1420107420,0.06
1420107480,-0.18
1420107540,0.02
1420107600,-0.18
1420107660,0.02
1420107720,-0.18
1420107780,0.02
1420107840,-0.22
1420107900,0.02
1420107960,-0.22
1420108020,0.02
1420108080,-0.22
1420108140,0.02
1420108200,-0.22
1420108260,0.02
1420108320,-0.22
1420108380,0.02
1420108440,-0.22
1420108500,0.02
1420108560,-0.22
1420108620,-0.02
1420108680,-0.22
1420108740,0.02
1420108800,-0.22
1420108860,0.02
1420108920,-0.22
1420108980,0.02
1420109040,-0.22
1420109100,-0.02
1420109160,-0.22
1420109220,0.02
1420109280,-0.22
1420109340,0.02
1420109400,-0.22
1420109460,-0.02
1420109520,-0.22
1420109580,0.02
1420109640,-0.22
1420109700,-0.02
1420109760,-0.22
1420109820,0.02
1420109880,-0.22
1420109940,-0.02
1420110000,-0.22
1420110060,0.02
1420110120,-0.22
1420110180,-0.02
1420110240,-0.22
1420110300,-0.02
1420110360,-0.22
1420110420,0.02
1420110480,-0.22
1420110540,0.02
1420110600,-0.22
1420110660,-0.02
1420110720,-0.22
1420110780,0.02
1420110840,-0.22
1420110900,-0.02
1420110960,-0.22
1420111020,-0.02
1420111080,-0.22
1420111140,-0.02
1420111200,-0.22
1420111260,0.02
1420111320,-0.22
1420111380,-0.02
1420111440,-0.26
1420111500,0.02
1420111560,-0.22
1420111620,-0.02
1420111680,-0.22
1420111740,0.02
1420111800,-0.22
1420111860,0.02
1420111920,-0.22
1420111980,0.02
1420112040,-0.22
1420112100,-0.02
1420112160,-0.22
1420112220,-0.02
1420112280,-0.22
1420112340,-0.02
1420112400,-0.22
1420112460,-0.02
1420112520,-0.22
1420112580,-0.02
1420112640,-0.22
1420112700,0.02
1420112760,-0.22
1420112820,-0.02
1420112880,-0.22
1420112940,0.02
1420113000,-0.22
1420113060,-0.02
1420113120,-0.22
1420113180,-0.02
1420113240,-0.22
1420113300,-0.02
1420113360,-0.22
1420113420,-0.02
1420113480,-0.22
1420113540,0.02
1420113600,-0.22
1420113660,0.02
1420113720,-0.22
1420113780,0.02
1420113840,-0.22
1420113900,0.02
1420113960,-0.22
1420114020,-0.02
1420114080,-0.22
1420114140,0.02
1420114200,-0.22
1420114260,0.02
1420114320,-0.22
1420114380,0.02
1420114440,-0.22
1420114500,0.02
1420114560,-0.22
1420114620,-0.02
1420114680,-0.22
1420114740,0.02
1420114800,-0.22
1420114860,-0.02
1420114920,-0.22
1420114980,0.02
1420115040,-0.22
1420115100,0.02
1420115160,-0.22
1420115220,-0.02
1420115280,-0.22
1420115340,-0.02
1420115400,-0.22
1420115460,-0.02
1420115520,-0.22
1420115580,0.02
1420115640,-0.22
1420115700,0.02
1420115760,-0.22
1420115820,-0.02
1420115880,-0.22
1420115940,-0.02
1420116000,-0.22
1420116060,-0.02
1420116120,-0.22
1420116180,-0.02
1420116240,-0.22
1420116300,0.02
1420116360,-0.22
1420116420,0.02
1420116480,-0.22
1420116540,-0.02
1420116600,-0.22
1420116660,-0.02
1420116720,-0.22
1420116780,0.02
1420116840,-0.22
1420116900,-0.02
1420116960,-0.22
1420117020,0.02
1420117080,-0.22
1420117140,-0.02
1420117200,-0.22
1420117260,-0.02
1420117320,-0.22
1420117380,0.02
1420117440,-0.22
1420117500,-0.02
1420117560,-0.22
1420117620,0.02
1420117680,-0.22
1420117740,0.02
1420117800,-0.22
1420117860,-0.02
1420117920,-0.22
1420117980,0.02
1420118040,-0.22
1420118100,-0.02
1420118160,-0.22
1420118220,-0.02
1420118280,-0.22
1420118340,-0.02
1420118400,-0.22
1420118460,-0.02
1420118520,-0.22
1420118580,0.02
1420118640,-0.22
1420118700,0.02
1420118760,-0.22
1420118820,-0.02
1420118880,-0.22
1420118940,0.02
1420119000,-0.22
1420119060,-0.02
1420119120,-0.22
1420119180,-0.02
1420119240,-0.22
1420119300,0.02
1420119360,-0.22
1420119420,-0.02
1420119480,-0.22
1420119540,0.02
1420119600,-0.22
1420119660,0.02
1420119720,-0.22
1420119780,-0.02
1420119840,-0.22
1420119900,-0.02
1420119960,-0.22
1420120020,-0.02
1420120080,-0.22
1420120140,-0.02
1420120200,-0.22
1420120260,-0.02
1420120320,-0.22
1420120380,-0.02
1420120440,-0.22
1420120500,0.02
1420120560,-0.22
1420120620,0.02
1420120680,-0.22
1420120740,-0.02
1420120800,-0.22
1420120860,-0.02
1420120920,-0.22
1420120980,0.02
1420121040,-0.22
1420121100,0.02
1420121160,-0.22
1420121220,-0.02
1420121280,-0.22
1420121340,0.02
1420121400,-0.22
1420121460,-0.02
1420121520,-0.22
1420121580,-0.02
1420121640,-0.22
1420121700,0.02
1420121760,-0.22
1420121820,-0.02
1420121880,-0.22
1420121940,-0.02
1420122000,-0.22
1420122060,-0.02
1420122120,-0.22
1420122180,-0.02
1420122240,-0.22
1420122300,0.02
1420122360,-0.22
1420122420,0.02
1420122480,-0.22
1420122540,0.02
1420122600,-0.22
1420122660,-0.02
1420122720,-0.22
1420122780,0.02
1420122840,-0.22
1420122900,0.02
1420122960,-0.22
1420123020,0.02
1420123080,-0.22
1420123140,-0.02
1420123200,-0.22
1420123260,-0.02
1420123320,-0.22
1420123380,0.02
1420123440,-0.22
1420123500,0.02
1420123560,-0.22
1420123620,-0.02
1420123680,-0.22
1420123740,-0.02
1420123800,-0.22
1420123860,-0.02
1420123920,-0.22
1420123980,-0.02
1420124040,-0.22
1420124100,-0.02
1420124160,-0.22
1420124220,-0.02
1420124280,-0.22
1420124340,0.02
1420124400,-0.22
1420124460,0.02
1420124520,-0.22
1420124580,-0.02
1420124640,-0.22
1420124700,-0.02
1420124760,-0.22
1420124820,0.02
1420124880,-0.22
1420124940,0.02
1420125000,-0.22
1420125060,0.02
1420125120,-0.22
1420125180,-0.02
1420125240,-0.22
1420125300,0.02
1420125360,-0.22
1420125420,0.02
1420125480,-0.22
1420125540,-0.02
1420125600,-0.22
1420125660,0.02
1420125720,-0.22
1420125780,0.02
1420125840,-0.22
1420125900,0.02
1420125960,-0.22
1420126020,-0.02
1420126080,-0.22
1420126140,-0.02
1420126200,-0.22
1420126260,-0.02
1420126320,-0.22
1420126380,-0.02
1420126440,-0.22
1420126500,-0.02
1420126560,-0.22
1420126620,0.02
1420126680,-0.22
1420126740,-0.02
1420126800,-0.22
1420126860,-0.02
1420126920,-0.22
1420126980,-0.02
1420127040,-0.22
1420127100,-0.02
1420127160,-0.22
1420127220,-0.02
1420127280,-0.22
1420127340,0.02
1420127400,-0.22
1420127460,0.02
1420127520,-0.22
1420127580,0.02
1420127640,-0.22
1420127700,-0.02
1420127760,-0.22
1420127820,0.02
1420127880,-0.22
1420127940,0.02
1420128000,-0.22
1420128060,0.02
1420128120,-0.22
1420128180,0.02
1420128240,-0.22
1420128300,-0.02
1420128360,-0.22
1420128420,-0.02
1420128480,-0.22
1420128540,0.02
1420128600,-0.22
1420128660,0.02
1420128720,-0.22
1420128780,0.02
1420128840,-0.22
1420128900,-0.02
1420128960,-0.22
1420129020,-0.02
1420129080,-0.22
1420129140,-0.02
1420129200,-0.22
1420129260,0.02
1420129320,-0.22
1420129380,0.02
1420129440,-0.22
1420129500,-0.02
1420129560,-0.22
1420129620,-0.02
1420129680,-0.22
1420129740,0.02
1420129800,-0.22
1420129860,0.02
1420129920,-0.22
1420129980,0.02
1420130040,-0.22
1420130100,0.02
1420130160,-0.22
1420130220,-0.02
1420130280,-0.22
1420130340,0.02
1420130400,-0.22
1420130460,-0.02
1420130520,-0.22
1420130580,-0.02
1420130640,-0.22
1420130700,-0.02
1420130760,-0.22
1420130820,-0.02
1420130880,-0.22
1420130940,-0.02
1420131000,-0.22
1420131060,-0.02
1420131120,-0.22
1420131180,0.02
1420131240,-0.22
1420131300,-0.02
1420131360,-0.22
1420131420,-0.02
1420131480,-0.22
1420131540,0.02
1420131600,-0.22
1420131660,0.02
1420131720,-0.22
1420131780,-0.02
1420131840,-0.22
1420131900,0.02
1420131960,-0.22
1420132020,-0.02
1420132080,-0.22
1420132140,-0.02
1420132200,-0.22
1420132260,-0.02
1420132320,-0.22
1420132380,-0.02
1420132440,-0.22
1420132500,-0.02
1420132560,-0.22
1420132620,-0.02
1420132680,-0.22
1420132740,0.02
1420132800,-0.22
1420132860,0.02
1420132920,-0.22
1420132980,-0.02
1420133040,-0.22
1420133100,0.02
1420133160,-0.22
1420133220,0.02
1420133280,-0.22
1420133340,-0.02
1420133400,-0.22
1420133460,-0.02
1420133520,-0.22
1420133580,-0.02
1420133640,-0.22
1420133700,-0.02
1420133760,-0.22
1420133820,-0.02
1420133880,-0.22
1420133940,-0.02
1420134000,-0.22
1420134060,-0.02
1420134120,-0.22
1420134180,-0.02
1420134240,-0.22
1420134300,0.02
1420134360,-0.22
1420134420,-0.02
1420134480,-0.22
1420134540,-0.02
1420134600,-0.22
1420134660,-0.02
1420134720,-0.22
1420134780,-0.02
1420134840,-0.22
1420134900,-0.02
1420134960,-0.22
1420135020,0.02
1420135080,-0.22
1420135140,-0.02
1420135200,-0.22
1420135260,0.02
1420135320,-0.22
1420135380,-0.02
1420135440,-0.22
1420135500,-0.02
1420135560,-0.22
1420135620,-0.02
1420135680,-0.22
1420135740,0.02
1420135800,-1.46
1420135860,0.58
1420135920,-0.06
1420135980,0.38
1420136040,0.22
1420136100,0.58
1420136160,0.38
1420136220,0.74
1420136280,0.58
1420136340,0.86
1420136400,0.7
1420136460,1.06
1420136520,0.86
1420136580,1.22
1420136640,1.02
1420136700,1.34
1420136760,1.14
1420136820,1.46
1420136880,1.26
1420136940,1.58
1420137000,1.42
1420137060,1.7
1420137120,1.54
1420137180,1.82
1420137240,1.62
1420137300,1.94
1420137360,1.74
1420137420,2.02
1420137480,1.82
1420137540,2.14
1420137600,1.94
1420137660,2.22
1420137720,2.02
1420137780,2.3
1420137840,2.1
1420137900,2.38
1420137960,2.18
1420138020,2.42
1420138080,1.94
1420138140,2.38
1420138200,0.74
1420138260,2.1
1420138320,-0.02
1420138380,1.54
1420138440,0.14
1420138500,1.42
1420138560,0.98
1420138620,1.22
1420138680,1.02
1420138740,1.3
1420138800,1.14
1420138860,1.42
1420138920,1.22
1420138980,1.62
1420139040,1.3
1420139100,1.66
1420139160,1.46
1420139220,1.78
1420139280,1.58
1420139340,1.98
1420139400,1.78
1420139460,2.14
1420139520,1.98
1420139580,2.38
1420139640,2.18
1420139700,2.58
1420139760,2.38
1420139820,2.74
1420139880,2.58
1420139940,2.9
1420140000,2.74
1420140060,3.1
1420140120,2.9
1420140180,3.26
1420140240,3.1
1420140300,3.38
1420140360,3.22
1420140420,3.5
1420140480,3.34
1420140540,3.62
1420140600,3.42
1420140660,3.7
1420140720,3.5
1420140780,3.78
1420140840,3.54
1420140900,3.82
1420140960,3.62
1420141020,3.86
1420141080,3.66
1420141140,3.9
1420141200,3.7
1420141260,3.94
1420141320,3.74
1420141380,3.98
1420141440,3.74
1420141500,3.98
1420141560,3.74
1420141620,3.98
1420141680,3.78
1420141740,3.98
1420141800,3.78
1420141860,3.98
1420141920,3.78
1420141980,3.98
1420142040,3.78
1420142100,4.02
1420142160,3.78
1420142220,4.02
1420142280,3.82
1420142340,4.02
1420142400,3.78
1420142460,4.02
1420142520,3.82
1420142580,4.02
1420142640,3.78
1420142700,4.02
1420142760,3.82
1420142820,4.02
1420142880,3.82
1420142940,4.02
1420143000,3.82
1420143060,4.02
1420143120,3.82
1420143180,4.02
1420143240,3.82
1420143300,4.02
1420143360,3.82
1420143420,4.06
1420143480,3.78
1420143540,4.06
1420143600,3.82
1420143660,4.02
1420143720,3.82
1420143780,4.02
1420143840,3.82
1420143900,4.02
1420143960,3.82
1420144020,4.02
1420144080,3.82
1420144140,4.02
1420144200,3.82
1420144260,4.02
1420144320,3.78
1420144380,4.02
1420144440,3.82
1420144500,4.02
1420144560,3.82
1420144620,4.02
1420144680,3.78
1420144740,4.02
1420144800,3.82
1420144860,4.02
1420144920,3.82
1420144980,4.02
1420145040,3.82
1420145100,4.02
1420145160,3.82
1420145220,4.02
1420145280,3.82
1420145340,4.02
1420145400,3.82
1420145460,4.02
1420145520,3.82
1420145580,4.02
1420145640,3.78
1420145700,4.02
1420145760,3.82
1420145820,4.02
1420145880,3.82
1420145940,4.02
1420146000,3.82
1420146060,4.02
1420146120,3.82
1420146180,4.02
1420146240,3.78
1420146300,4.02
1420146360,3.82
1420146420,4.02
1420146480,3.78
1420146540,4.02
1420146600,3.82
1420146660,4.02
1420146720,3.78
1420146780,4.02
1420146840,3.82
1420146900,4.02
1420146960,3.78
1420147020,4.02
1420147080,3.82
1420147140,4.02
1420147200,3.78
1420147260,4.02
1420147320,3.78
1420147380,4.02
1420147440,3.78
1420147500,4.02
1420147560,3.82
1420147620,4.02
1420147680,3.78
1420147740,4.02
1420147800,3.82
1420147860,4.02
1420147920,3.82
1420147980,4.02
1420148040,3.78
1420148100,4.02
1420148160,3.82
1420148220,4.02
1420148280,3.78
1420148340,4.02
1420148400,3.78
1420148460,4.02
1420148520,3.78
1420148580,4.02
1420148640,3.78
1420148700,4.02
1420148760,3.82
1420148820,4.02
1420148880,3.78
1420148940,4.02
1420149000,3.82
1420149060,4.02
1420149120,3.78
1420149180,4.02
1420149240,3.82
1420149300,4.02
1420149360,3.78
1420149420,4.02
1420149480,3.78
1420149540,4.02
1420149600,3.78
1420149660,4.02
1420149720,3.82
1420149780,4.02
1420149840,3.78
1420149900,4.02
1420149960,3.78
1420150020,4.02
1420150080,3.78
1420150140,4.02
1420150200,3.82
1420150260,4.02
1420150320,3.82
1420150380,4.02
1420150440,3.82
1420150500,4.02
1420150560,3.82
1420150620,4.02
1420150680,3.78
1420150740,4.02
1420150800,3.82
1420150860,4.02
1420150920,3.82
1420150980,4.02
1420151040,3.82
1420151100,4.02
1420151160,3.78
1420151220,4.02
1420151280,3.78
1420151340,4.02
1420151400,3.78
1420151460,4.02
1420151520,3.78
1420151580,4.02
1420151640,3.82
1420151700,4.02
1420151760,3.82
1420151820,4.02
1420151880,3.78
1420151940,4.02
1420152000,3.82
1420152060,4.02
1420152120,3.82
1420152180,4.02
1420152240,3.78
1420152300,4.02
1420152360,3.78
1420152420,4.02
1420152480,3.78
1420152540,4.02
1420152600,3.78
1420152660,4.02
1420152720,3.78
1420152780,4.02
1420152840,3.78
1420152900,3.98
1420152960,3.78
1420153020,4.02
1420153080,3.78
1420153140,3.98
1420153200,3.78
1420153260,3.98
1420153320,3.78
1420153380,3.98
1420153440,3.78
1420153500,3.98
1420153560,-3.1
1420153620,7.06
1420153680,2.06
1420153740,2.86
1420153800,1.62
1420153860,2.22
1420153920,1.38
1420153980,1.82
1420154040,1.18
1420154100,1.58
1420154160,1.02
1420154220,1.34
1420154280,0.86
1420154340,1.18
1420154400,0.42
1420154460,1.18
1420154520,0.7
1420154580,0.98
1420154640,0.62
1420154700,0.9
1420154760,0.58
1420154820,0.82
1420154880,0.54
1420154940,0.78
1420155000,0.5
1420155060,0.74
1420155120,0.46
1420155180,0.7
1420155240,0.46
1420155300,0.66
1420155360,0.42
1420155420,0.62
1420155480,0.42
1420155540,0.62
1420155600,0.42
1420155660,0.62
1420155720,0.42
1420155780,0.62
1420155840,0.38
1420155900,0.62
1420155960,0.38
1420156020,0.58
1420156080,0.38
1420156140,0.58
1420156200,0.34
1420156260,0.54
1420156320,0.34
1420156380,0.54
1420156440,0.3
1420156500,0.54
1420156560,0.3
1420156620,0.54
1420156680,0.26
1420156740,0.5
1420156800,0.26
1420156860,0.5
1420156920,0.26
1420156980,0.5
1420157040,0.26
1420157100,0.46
1420157160,0.26
1420157220,0.46
1420157280,0.22
1420157340,0.46
1420157400,0.22
1420157460,0.46
1420157520,0.22
1420157580,0.42
1420157640,0.22
1420157700,0.42
1420157760,0.22
1420157820,0.42
1420157880,0.22
1420157940,0.42
1420158000,0.18
1420158060,0.42
1420158120,0.18
1420158180,0.42
1420158240,0.18
1420158300,0.38
1420158360,0.14
1420158420,0.38
1420158480,0.14
1420158540,0.38
1420158600,0.14
1420158660,0.38
1420158720,0.14
1420158780,0.38
1420158840,0.14
1420158900,0.38
1420158960,0.14
1420159020,0.38
1420159080,0.14
1420159140,0.38
1420159200,0.1
1420159260,0.34
1420159320,0.1
1420159380,0.34
1420159440,0.1
1420159500,0.34
1420159560,0.1
1420159620,0.3
1420159680,0.1
1420159740,0.34
1420159800,0.1
1420159860,0.3
1420159920,0.1
1420159980,0.34
1420160040,0.1
1420160100,0.3
1420160160,0.06
1420160220,0.3
1420160280,0.06
1420160340,0.3
1420160400,0.06
1420160460,0.3
1420160520,0.06
1420160580,0.3
1420160640,0.06
1420160700,0.3
1420160760,0.06
1420160820,0.26
1420160880,0.06
1420160940,0.26
1420161000,0.06
1420161060,0.26
1420161120,0.02
1420161180,0.26
1420161240,0.02
1420161300,0.26
1420161360,0.02
1420161420,0.26
1420161480,0.02
1420161540,0.26
1420161600,0.02
1420161660,0.26
1420161720,0.02
1420161780,0.26
1420161840,0.02
1420161900,0.22
1420161960,0.02
1420162020,0.26
1420162080,0.02
1420162140,0.22
1420162200,0.02
1420162260,0.26
1420162320,0.02
1420162380,0.22
1420162440,0.02
1420162500,0.22
1420162560,0.02
1420162620,0.22
1420162680,0.02
1420162740,0.26
1420162800,0.06
1420162860,0.62
1420162920,0.42
1420162980,1.14
1420163040,0.42
1420163100,1.1
1420163160,0.7
1420163220,0.9
1420163280,0.62
1420163340,0.86
1420163400,0.58
1420163460,0.82
1420163520,0.54
1420163580,0.78
1420163640,0.5
1420163700,0.74
1420163760,0.5
1420163820,0.7
1420163880,0.46
1420163940,0.66
1420164000,0.42
1420164060,0.62
1420164120,0.38
1420164180,0.62
1420164240,0.38
1420164300,0.58
1420164360,0.34
1420164420,0.58
1420164480,0.3
1420164540,0.54
1420164600,0.26
1420164660,0.5
1420164720,0.22
1420164780,0.46
1420164840,0.22
1420164900,0.46
1420164960,0.18
1420165020,0.42
1420165080,0.18
1420165140,0.38
1420165200,0.14
1420165260,0.38
1420165320,0.14
1420165380,0.38
1420165440,0.1
1420165500,0.34
1420165560,0.1
1420165620,0.34
1420165680,0.06
1420165740,0.3
1420165800,0.06
1420165860,0.3
1420165920,0.06
1420165980,0.26
1420166040,0.02
1420166100,0.26
1420166160,-0.02
1420166220,0.22
1420166280,-0.02
1420166340,0.22
1420166400,-0.02
1420166460,0.22
1420166520,-0.02
1420166580,0.22
1420166640,-0.02
1420166700,0.18
1420166760,-0.06
1420166820,0.18
1420166880,-0.06
1420166940,0.14
1420167000,-0.1
1420167060,0.14
1420167120,-0.1
1420167180,0.14
1420167240,-0.1
1420167300,0.1
1420167360,-0.1
1420167420,0.1
1420167480,-0.1
1420167540,0.1
1420167600,-0.14
1420167660,0.1
1420167720,-0.14
1420167780,0.1
1420167840,-0.14
1420167900,0.1
1420167960,-0.14
1420168020,0.06
1420168080,-0.14
1420168140,0.06
1420168200,-0.14
1420168260,0.06
1420168320,-0.18
1420168380,0.06
1420168440,-0.18
1420168500,0.06
1420168560,-0.18
1420168620,0.02
1420168680,-0.18
1420168740,0.02
1420168800,-0.18
1420168860,0.02
1420168920,-0.18
1420168980,0.02
1420169040,-0.22
1420169100,0.02
1420169160,-0.22
1420169220,0.02
1420169280,-0.22
1420169340,0.02
1420169400,-0.22
1420169460,0.02
1420169520,-0.22
1420169580,0.02
1420169640,-0.22
1420169700,0.02
1420169760,-0.22
1420169820,-0.02
1420169880,-0.22
1420169940,-0.02
1420170000,-0.22
1420170060,0.02
1420170120,-0.22
1420170180,-0.02
1420170240,-0.22
1420170300,-0.02
1420170360,-0.22
1420170420,-0.02
1420170480,-0.22
1420170540,0.02
1420170600,-0.22
1420170660,0.02
1420170720,-0.22
1420170780,-0.02
1420170840,-0.22
1420170900,-0.02
1420170960,-0.22
1420171020,0.02
1420171080,-0.22
1420171140,-0.02
1420171200,-0.22
1420171260,-0.02
1420171320,-0.22
1420171380,-0.02
1420171440,-0.22
1420171500,0.02
1420171560,-0.22
1420171620,-0.02
1420171680,-0.22
1420171740,-0.02
1420171800,-0.22
1420171860,-0.02
1420171920,-0.22
1420171980,0.02
1420172040,-0.22
1420172100,-0.02
1420172160,-0.22
1420172220,-0.02
1420172280,-0.22
1420172340,-0.02
1420172400,-0.22
1420172460,-0.02
1420172520,-0.22
1420172580,-0.02
1420172640,-0.22
1420172700,-0.02
1420172760,-0.22
1420172820,-0.02
1420172880,-0.22
1420172940,-0.02
1420173000,-0.22
1420173060,-0.02
1420173120,-0.22
1420173180,-0.02
1420173240,-0.22
1420173300,0.02
1420173360,-0.22
1420173420,-0.02
1420173480,-0.22
1420173540,0.02
1420173600,-0.22
1420173660,-0.02
1420173720,-0.22
1420173780,0.02
1420173840,-0.22
1420173900,0.02
1420173960,-0.22
1420174020,-0.02
1420174080,-0.22
1420174140,-0.02
1420174200,-0.22
1420174260,0.02
1420174320,-0.22
1420174380,-0.02
1420174440,-0.22
1420174500,-0.02
1420174560,-0.22
1420174620,0.02
1420174680,-0.22
1420174740,0.02
1420174800,-0.22
1420174860,-0.02
1420174920,-0.22
1420174980,-0.02
1420175040,-0.22
1420175100,-0.02
1420175160,-0.22
1420175220,0.02
1420175280,-0.22
1420175340,0.02
1420175400,-0.22
1420175460,-0.02
1420175520,-0.22
1420175580,-0.02
1420175640,-0.22
1420175700,-0.02
1420175760,-0.22
1420175820,-0.02
1420175880,-0.22
1420175940,0.02
1420176000,-0.22
1420176060,0.02
1420176120,-0.22
1420176180,-0.02
1420176240,-0.22
1420176300,-0.02
1420176360,-0.22
1420176420,-0.02
1420176480,-0.22
1420176540,0.02
1420176600,-0.22
1420176660,-0.02
1420176720,-0.22
1420176780,0.02
1420176840,-0.22
1420176900,-0.02
1420176960,-0.22
1420177020,0.02
1420177080,-0.22
1420177140,-0.02
1420177200,-0.22
1420177260,-0.02
1420177320,-0.22
1420177380,-0.02
1420177440,-0.22
1420177500,0.02
1420177560,-0.22
1420177620,-0.02
1420177680,-0.22
1420177740,0.02
1420177800,-0.22
1420177860,-0.02
1420177920,-0.22
1420177980,0.02
1420178040,-0.22
1420178100,0.02
1420178160,-0.22
1420178220,-0.02
1420178280,-0.22
1420178340,-0.02
1420178400,-0.22
1420178460,0.02
1420178520,-0.22
1420178580,-0.02
1420178640,-0.22
1420178700,0.02
1420178760,-0.22
1420178820,-0.02
1420178880,-0.22
1420178940,-0.02
1420179000,-0.22
1420179060,-0.02
1420179120,-0.22
1420179180,-0.02
1420179240,-0.22
1420179300,-0.02
1420179360,-0.22
1420179420,-0.02
1420179480,-0.22
1420179540,-0.02
1420179600,-0.22
1420179660,-0.02
1420179720,-0.22
1420179780,-0.02
1420179840,-0.22
1420179900,-0.02
1420179960,-0.22
1420180020,-0.02
1420180080,-0.22
1420180140,-0.02
1420180200,-0.22
1420180260,-0.02
1420180320,-0.22
1420180380,-0.02
1420180440,-0.22
1420180500,0.02
1420180560,-0.22
1420180620,-0.02
1420180680,-0.22
1420180740,-0.02
1420180800,-0.22
1420180860,-0.02
1420180920,-0.22
1420180980,-0.02
1420181040,-0.22
1420181100,-0.02
1420181160,-0.22
1420181220,-0.02
1420181280,-0.22
1420181340,-0.02
1420181400,-0.22
1420181460,-0.02
1420181520,-0.22
1420181580,0.02
1420181640,-0.22
1420181700,-0.02
1420181760,-0.22
1420181820,0.02
1420181880,-0.22
1420181940,0.02
1420182000,-0.22
1420182060,0.02
1420182120,-0.22
1420182180,-0.02
1420182240,-0.22
1420182300,0.02
1420182360,-0.22
1420182420,-0.02
1420182480,-0.22
1420182540,-0.02
1420182600,-0.22
1420182660,-0.02
1420182720,-0.22
1420182780,-0.02
1420182840,-0.22
1420182900,-0.02
1420182960,-0.22
1420183020,-0.02
1420183080,-0.22
1420183140,-0.02
1420183200,-0.22
1420183260,-0.02
1420183320,-0.22
1420183380,-0.02
1420183440,-0.22
1420183500,-0.02
1420183560,-0.22
1420183620,0.02
1420183680,-0.22
1420183740,0.02
1420183800,-0.22
1420183860,-0.02
1420183920,-0.22
1420183980,-0.02
1420184040,-0.22
1420184100,0.02
1420184160,-0.22
1420184220,-0.02
1420184280,-0.22
1420184340,-0.02
1420184400,-0.22
1420184460,0.02
1420184520,-0.22
1420184580,0.02
1420184640,-0.22
1420184700,0.02
1420184760,-0.26
1420184820,0.02
1420184880,-0.22
1420184940,-0.02
1420185000,-0.22
1420185060,0.02
1420185120,-0.22
1420185180,-0.02
1420185240,-0.22
1420185300,-0.02
1420185360,-0.22
1420185420,-0.02
1420185480,-0.22
1420185540,0.02
1420185600,-0.22
1420185660,0.02
1420185720,-0.22
1420185780,-0.02
1420185840,-0.22
1420185900,0.02
1420185960,-0.22
1420186020,-0.02
1420186080,-0.22
1420186140,-0.02
1420186200,-0.22
1420186260,-0.02
1420186320,-0.22
1420186380,-0.02
1420186440,-0.22
1420186500,-0.02
1420186560,-0.22
1420186620,0.02
1420186680,-0.22
1420186740,-0.02
1420186800,-0.22
1420186860,-0.02
1420186920,-0.22
1420186980,-0.02
1420187040,-0.22
1420187100,-0.02
1420187160,-0.22
1420187220,-0.02
1420187280,-0.22
1420187340,0.02
1420187400,-0.22
1420187460,-0.02
1420187520,-0.22
1420187580,-0.02
1420187640,-0.22
1420187700,-0.02
1420187760,-0.22
1420187820,-0.02
1420187880,-0.22
1420187940,-0.02
1420188000,-0.22
1420188060,-0.02
1420188120,-0.22
1420188180,-0.02
1420188240,-0.22
1420188300,-0.02
1420188360,-0.22
1420188420,-0.02
1420188480,-0.22
1420188540,-0.02
1420188600,-0.22
1420188660,-0.02
1420188720,-0.22
1420188780,0.02
1420188840,-0.22
1420188900,-0.02
1420188960,-0.22
1420189020,0.02
1420189080,-0.22
1420189140,-0.02
1420189200,-0.22
1420189260,-0.02
1420189320,-0.22
1420189380,0.02
1420189440,-0.22
1420189500,0.02
1420189560,-0.22
1420189620,-0.02
1420189680,-0.22
1420189740,-0.02
1420189800,-0.22
1420189860,-0.02
1420189920,-0.22
1420189980,-0.02
1420190040,-0.22
1420190100,0.02
1420190160,-0.26
1420190220,0.02
1420190280,-0.22
1420190340,-0.02
1420190400,-0.14
1420190460,-0.1
1420190520,-0.14
1420190580,-0.14
1420190640,-0.1
1420190700,-0.14
1420190760,-0.18
1420190820,-0.1
1420190880,-0.14
1420190940,-0.14
1420191000,-0.14
1420191060,-0.1
1420191120,-0.1
1420191180,-0.1
1420191240,-0.1
1420191300,-0.14
1420191360,-0.1
1420191420,-0.1
1420191480,-0.06
1420191540,-0.1
1420191600,-0.06
1420191660,-0.18
1420191720,-0.14
1420191780,-0.1
1420191840,-0.1
1420191900,-0.14
1420191960,-0.18
1420192020,-0.1
1420192080,-0.1
1420192140,-0.14
1420192200,-0.1
1420192260,-0.1
1420192320,-0.06
1420192380,-0.1
1420192440,-0.14
1420192500,-0.1
1420192560,-0.1
1420192620,-0.1
1420192680,-0.18
1420192740,-0.1
1420192800,-0.14
1420192860,-0.14
1420192920,-0.1
1420192980,-0.1
1420193040,-0.14
1420193100,-0.14
1420193160,-0.1
1420193220,-0.1
1420193280,-0.1
1420193340,-0.06
1420193400,-0.14
1420193460,-0.1
1420193520,-0.1
1420193580,-0.06
1420193640,-0.1
1420193700,-0.14
1420193760,-0.14
1420193820,-0.14
1420193880,-0.06
1420193940,-0.1
1420194000,-0.1
1420194060,-0.1
1420194120,-0.1
1420194180,-0.1
1420194240,-0.1
1420194300,-0.1
1420194360,-0.1
1420194420,-0.1
1420194480,-0.1
1420194540,-0.14
1420194600,-0.14
1420194660,-0.1
1420194720,-0.1
1420194780,-0.1
1420194840,-0.1
1420194900,-0.1
1420194960,-0.14
1420195020,-0.14
1420195080,-0.1
1420195140,-0.14
1420195200,-0.1
1420195260,-0.14
1420195320,-0.1
1420195380,-0.14
1420195440,-0.14
1420195500,-0.1
1420195560,-0.06
1420195620,-0.1
1420195680,-0.14
1420195740,-0.1
1420195800,-0.1
1420195860,-0.06
1420195920,0.18
1420195980,0.26
1420196040,0.38
1420196100,0.46
1420196160,0.54
1420196220,0.58
1420196280,0.7
1420196340,0.78
1420196400,0.86
1420196460,0.86
1420196520,1.02
1420196580,1.06
1420196640,1.22
1420196700,1.22
1420196760,1.3
1420196820,1.38
1420196880,1.42
1420196940,1.46
1420197000,1.54
1420197060,1.58
1420197120,1.62
1420197180,1.74
1420197240,1.82
1420197300,1.78
1420197360,1.86
1420197420,1.98
1420197480,2.02
1420197540,2.06
1420197600,2.06
1420197660,2.1
1420197720,2.14
1420197780,2.18
1420197840,2.22
1420197900,2.34
1420197960,2.26
1420198020,2.26
1420198080,2.22
1420198140,2.02
1420198200,1.62
1420198260,0.86
1420198320,0.94
1420198380,0.94
1420198440,1.02
1420198500,1.02
1420198560,1.14
1420198620,1.1
1420198680,1.22
1420198740,1.22
1420198800,1.3
1420198860,1.26
1420198920,1.34
1420198980,1.42
1420199040,1.5
1420199100,1.46
1420199160,1.62
1420199220,1.7
1420199280,1.82
1420199340,1.9
1420199400,2.02
1420199460,2.06
1420199520,2.22
1420199580,2.3
1420199640,2.38
1420199700,2.58
1420199760,2.58
1420199820,2.62
1420199880,2.78
1420199940,2.86
1420200000,2.94
1420200060,3.06
1420200120,3.1
1420200180,3.22
1420200240,3.3
1420200300,3.34
1420200360,3.38
1420200420,3.46
1420200480,3.5
1420200540,3.54
1420200600,3.58
1420200660,3.62
1420200720,3.7
1420200780,3.7
1420200840,3.7
1420200900,3.78
1420200960,3.82
1420201020,3.82
1420201080,3.86
1420201140,3.82
1420201200,3.82
1420201260,3.9
1420201320,3.86
1420201380,3.86
1420201440,3.94
1420201500,3.9
1420201560,3.98
1420201620,3.94
1420201680,3.9
1420201740,3.94
1420201800,3.98
1420201860,3.98
1420201920,3.9
1420201980,3.9
1420202040,3.98
1420202100,3.98
1420202160,3.98
1420202220,3.98
1420202280,3.98
1420202340,3.98
1420202400,3.98
1420202460,3.9
1420202520,3.94
1420202580,3.98
1420202640,3.98
1420202700,3.98
1420202760,3.98
1420202820,3.98
1420202880,3.98
1420202940,4.02
1420203000,3.9
1420203060,4.02
1420203120,3.94
1420203180,3.98
1420203240,3.94
1420203300,3.98
1420203360,4.02
1420203420,3.98
1420203480,3.94
1420203540,3.94
1420203600,3.98
1420203660,3.94
1420203720,3.98
1420203780,3.98
1420203840,3.98
1420203900,3.98
1420203960,3.94
1420204020,3.98
1420204080,3.94
1420204140,3.98
1420204200,3.98
1420204260,3.98
1420204320,3.98
1420204380,3.94
1420204440,3.98
1420204500,3.98
1420204560,3.98
1420204620,3.98
1420204680,3.9
1420204740,3.98
1420204800,3.98
1420204860,3.98
1420204920,3.94
1420204980,3.98
1420205040,3.98
1420205100,3.98
1420205160,3.98
1420205220,3.94
1420205280,3.98
1420205340,4.02
1420205400,3.98
1420205460,3.98
1420205520,3.98
1420205580,3.98
1420205640,3.9
1420205700,3.94
1420205760,3.94
1420205820,3.94
1420205880,3.9
1420205940,3.98
1420206000,3.98
1420206060,3.98
1420206120,3.94
1420206180,3.98
1420206240,3.94
1420206300,3.98
1420206360,3.98
1420206420,3.98
1420206480,3.94
1420206540,3.98
1420206600,3.98
1420206660,3.98
1420206720,3.98
1420206780,3.94
1420206840,3.98
1420206900,3.94
1420206960,3.94
1420207020,3.9
1420207080,3.98
1420207140,3.98
1420207200,3.98
1420207260,3.98
1420207320,3.98
1420207380,3.98
1420207440,3.98
1420207500,3.98
1420207560,3.98
1420207620,3.98
1420207680,3.98
1420207740,3.94
1420207800,3.9
1420207860,3.98
1420207920,3.98
1420207980,3.98
1420208040,3.98
1420208100,3.9
1420208160,3.98
1420208220,3.98
1420208280,3.94
1420208340,3.98
1420208400,3.98
1420208460,3.98
1420208520,3.94
1420208580,3.98
1420208640,3.98
1420208700,3.94
1420208760,3.94
1420208820,3.9
1420208880,3.94
1420208940,3.98
1420209000,3.98
1420209060,3.98
1420209120,3.9
1420209180,3.98
1420209240,3.98
1420209300,3.9
1420209360,3.9
1420209420,3.94
1420209480,3.9
1420209540,4.02
1420209600,3.98
1420209660,3.98
1420209720,3.98
1420209780,3.98
1420209840,3.98
1420209900,3.94
1420209960,3.94
1420210020,3.98
1420210080,3.9
1420210140,3.98
1420210200,3.9
1420210260,3.94
1420210320,3.9
1420210380,3.98
1420210440,3.98
1420210500,3.98
1420210560,3.9
1420210620,3.98
1420210680,3.98
1420210740,3.98
1420210800,3.98
1420210860,3.98
1420210920,3.98
1420210980,3.98
1420211040,3.98
1420211100,3.94
1420211160,3.98
1420211220,3.98
1420211280,3.94
1420211340,3.9
1420211400,3.94
1420211460,3.98
1420211520,3.94
1420211580,3.94
1420211640,3.94
1420211700,3.98
1420211760,3.9
1420211820,3.98
1420211880,3.98
1420211940,3.9
1420212000,3.98
1420212060,3.98
1420212120,3.98
1420212180,4.02
1420212240,3.98
1420212300,3.98
1420212360,3.9
1420212420,3.98
1420212480,3.94
1420212540,4.02
1420212600,3.98
1420212660,3.98
1420212720,3.94
1420212780,3.9
1420212840,3.94
1420212900,3.98
1420212960,3.9
1420213020,3.98
1420213080,3.98
1420213140,3.98
1420213200,3.98
1420213260,3.98
1420213320,3.98
1420213380,3.98
1420213440,3.98
1420213500,3.98
1420213560,3.98
1420213620,3.98
1420213680,3.94
1420213740,3.98
1420213800,3.94
1420213860,3.94
1420213920,3.94
1420213980,3.9
1420214040,3.94
1420214100,3.94
1420214160,3.98
1420214220,3.94
1420214280,3.98
1420214340,3.9
1420214400,3.9
1420214460,2.78
1420214520,2.42
1420214580,2.14
1420214640,1.98
1420214700,1.78
1420214760,1.54
1420214820,1.46
1420214880,1.38
1420214940,1.26
1420215000,1.22
1420215060,1.1
1420215120,1.06
1420215180,0.94
1420215240,0.9
1420215300,0.86
1420215360,0.82
1420215420,0.82
1420215480,0.74
1420215540,0.7
1420215600,0.7
1420215660,0.7
1420215720,0.62
1420215780,0.66
1420215840,0.62
1420215900,0.62
1420215960,0.58
1420216020,0.54
1420216080,0.58
1420216140,0.54
1420216200,0.54
1420216260,0.5
1420216320,0.54
1420216380,0.5
1420216440,0.5
1420216500,0.54
1420216560,0.5
1420216620,0.5
1420216680,0.5
1420216740,0.5
1420216800,0.42
1420216860,0.46
1420216920,0.46
1420216980,0.46
1420217040,0.46
1420217100,0.42
1420217160,0.42
1420217220,0.46
1420217280,0.42
1420217340,0.42
1420217400,0.38
1420217460,0.42
1420217520,0.42
1420217580,0.38
1420217640,0.38
1420217700,0.38
1420217760,0.38
1420217820,0.42
1420217880,0.38
1420217940,0.38
1420218000,0.38
1420218060,0.38
1420218120,0.38
1420218180,0.3
1420218240,0.3
1420218300,0.38
1420218360,0.38
1420218420,0.38
1420218480,0.3
1420218540,0.3
1420218600,0.3
1420218660,0.3
1420218720,0.3
1420218780,0.3
1420218840,0.3
1420218900,0.34
1420218960,0.3
1420219020,0.3
1420219080,0.26
1420219140,0.22
1420219200,0.3
1420219260,0.3
1420219320,0.26
1420219380,0.26
1420219440,0.26
1420219500,0.26
1420219560,0.3
1420219620,0.26
1420219680,0.22
1420219740,0.22
1420219800,0.22
1420219860,0.22
1420219920,0.22
1420219980,0.26
1420220040,0.26
1420220100,0.22
1420220160,0.22
1420220220,0.22
1420220280,0.22
1420220340,0.22
1420220400,0.22
1420220460,0.26
1420220520,0.22
1420220580,0.22
1420220640,0.26
1420220700,0.22
1420220760,0.22
1420220820,0.22
1420220880,0.22
1420220940,0.18
1420221000,0.22
1420221060,0.22
1420221120,0.18
1420221180,0.22
1420221240,0.18
1420221300,0.22
1420221360,0.22
1420221420,0.14
1420221480,0.18
1420221540,0.14
1420221600,0.14
1420221660,0.22
1420221720,0.18
1420221780,0.18
1420221840,0.1
1420221900,0.18
1420221960,0.14
1420222020,0.14
1420222080,0.14
1420222140,0.18
1420222200,0.14
1420222260,0.14
1420222320,0.18
1420222380,0.14
1420222440,0.1
1420222500,0.14
1420222560,0.14
1420222620,0.1
1420222680,0.14
1420222740,0.14
1420222800,0.18
1420222860,0.14
1420222920,0.14
1420222980,0.14
1420223040,0.14
1420223100,0.1
1420223160,0.14
1420223220,0.06
1420223280,0.14
1420223340,0.1
1420223400,0.1
1420223460,0.1
1420223520,0.06
1420223580,0.1
1420223640,0.14
1420223700,0.3
1420223760,0.5
1420223820,0.82
1420223880,0.94
1420223940,0.86
1420224000,0.82
1420224060,0.82
1420224120,0.78
1420224180,0.74
1420224240,0.74
1420224300,0.7
1420224360,0.7
1420224420,0.66
1420224480,0.66
1420224540,0.62
1420224600,0.62
1420224660,0.58
1420224720,0.58
1420224780,0.58
1420224840,0.54
1420224900,0.54
1420224960,0.5
1420225020,0.46
1420225080,0.5
1420225140,0.46
1420225200,0.46
1420225260,0.46
1420225320,0.46
1420225380,0.38
1420225440,0.38
1420225500,0.38
1420225560,0.34
1420225620,0.38
1420225680,0.38
1420225740,0.34
1420225800,0.3
1420225860,0.34
1420225920,0.22
1420225980,0.3
1420226040,0.3
1420226100,0.34
1420226160,0.26
1420226220,0.22
1420226280,0.18
1420226340,0.22
1420226400,0.22
1420226460,0.18
1420226520,0.18
1420226580,0.18
1420226640,0.18
1420226700,0.18
1420226760,0.14
1420226820,0.18
1420226880,0.18
1420226940,0.14
1420227000,0.1
1420227060,0.14
1420227120,0.14
1420227180,0.1
1420227240,0.1
1420227300,0.1
1420227360,0.06
1420227420,0.06
1420227480,0.06
1420227540,0.1
1420227600,0.06
1420227660,0.1
1420227720,0.02
1420227780,0.02
1420227840,0.06
1420227900,0.06
1420227960,0.06
1420228020,0.06
1420228080,0.02
1420228140,-0.02
1420228200,-0.02
1420228260,-0.02
1420228320,-0.02
1420228380,0.02
1420228440,0.02
1420228500,0.02
1420228560,-0.06
1420228620,-0.06
1420228680,-0.02
1420228740,-0.02
1420228800,0.02
1420228860,-0.02
1420228920,-0.06
1420228980,-0.02
1420229040,-0.1
1420229100,-0.06
1420229160,-0.06
1420229220,-0.02
1420229280,-0.14
1420229340,-0.02
1420229400,-0.06
1420229460,-0.06
1420229520,-0.06
1420229580,-0.06
1420229640,-0.14
1420229700,-0.1
1420229760,-0.06
1420229820,-0.1
1420229880,-0.1
1420229940,-0.1
1420230000,-0.1
1420230060,-0.1
1420230120,-0.1
1420230180,-0.06
1420230240,-0.14
1420230300,-0.1
1420230360,-0.1
1420230420,-0.1
1420230480,-0.14
1420230540,-0.1
1420230600,-0.1
1420230660,-0.1
1420230720,-0.14
1420230780,-0.14
1420230840,-0.06
1420230900,-0.06
1420230960,-0.06
1420231020,-0.1
1420231080,-0.1
1420231140,-0.1
1420231200,-0.1
1420231260,-0.1
1420231320,-0.1
1420231380,-0.1
1420231440,-0.14
1420231500,-0.1
1420231560,-0.14
1420231620,-0.14
1420231680,-0.18
1420231740,-0.18
1420231800,-0.1
1420231860,-0.1
1420231920,-0.14
1420231980,-0.1
1420232040,-0.14
1420232100,-0.1
1420232160,-0.1
1420232220,-0.14
1420232280,-0.1
1420232340,-0.1
1420232400,-0.14
1420232460,-0.14
1420232520,-0.14
1420232580,-0.18
1420232640,-0.1
1420232700,-0.1
1420232760,-0.18
1420232820,-0.14
1420232880,-0.1
1420232940,-0.14
1420233000,-0.14
1420233060,-0.1
1420233120,-0.14
1420233180,-0.1
1420233240,-0.1
1420233300,-0.14
1420233360,-0.14
1420233420,-0.14
1420233480,-0.14
1420233540,-0.14
1420233600,-0.1
1420233660,-0.14
1420233720,-0.1
1420233780,-0.14
1420233840,-0.1
1420233900,-0.14
1420233960,-0.14
1420234020,-0.1
1420234080,-0.1
1420234140,-0.1
1420234200,-0.14
1420234260,-0.06
1420234320,-0.1
1420234380,-0.1
1420234440,-0.1
1420234500,-0.1
1420234560,-0.1
1420234620,-0.1
1420234680,-0.14
1420234740,-0.1
1420234800,-0.1
1420234860,-0.14
1420234920,-0.1
1420234980,-0.14
1420235040,-0.1
1420235100,-0.1
1420235160,-0.14
1420235220,-0.1
1420235280,-0.14
1420235340,-0.1
1420235400,-0.18
1420235460,-0.1
1420235520,-0.1
1420235580,-0.1
1420235640,-0.1
1420235700,-0.06
1420235760,-0.1
1420235820,-0.1
1420235880,-0.14
1420235940,-0.1
1420236000,-0.1
1420236060,-0.14
1420236120,-0.14
1420236180,-0.1
1420236240,-0.1
1420236300,-0.1
1420236360,-0.14
1420236420,-0.14
1420236480,-0.14
1420236540,-0.06
1420236600,-0.1
1420236660,-0.1
1420236720,-0.14
1420236780,-0.14
1420236840,-0.14
1420236900,-0.1
1420236960,-0.1
1420237020,-0.1
1420237080,-0.1
1420237140,-0.1
1420237200,-0.1
1420237260,-0.1
1420237320,-0.14
1420237380,-0.14
1420237440,-0.1
1420237500,-0.1
1420237560,-0.14
1420237620,-0.14
1420237680,-0.1
1420237740,-0.14
1420237800,-0.1
1420237860,-0.14
1420237920,-0.1
1420237980,-0.1
1420238040,-0.1
1420238100,-0.06
1420238160,-0.1
1420238220,-0.1
1420238280,-0.1
1420238340,-0.06
1420238400,-0.14
1420238460,-0.14
1420238520,-0.1
1420238580,-0.14
1420238640,-0.14
1420238700,-0.1
1420238760,-0.06
1420238820,-0.1
1420238880,-0.06
1420238940,-0.14
1420239000,-0.1
1420239060,-0.1
1420239120,-0.1
1420239180,-0.06
1420239240,-0.14
1420239300,-0.1
1420239360,-0.14
1420239420,-0.1
1420239480,-0.06
1420239540,-0.1
1420239600,-0.18
1420239660,-0.18
1420239720,-0.1
1420239780,-0.1
1420239840,-0.14
1420239900,-0.1
1420239960,-0.1
1420240020,-0.14
1420240080,-0.14
1420240140,-0.14
1420240200,-0.14
1420240260,-0.14
1420240320,-0.14
1420240380,-0.14
1420240440,-0.14
1420240500,-0.1
1420240560,-0.14
1420240620,-0.1
1420240680,-0.1
1420240740,-0.14
1420240800,-0.14
1420240860,-0.1
1420240920,-0.14
1420240980,-0.14
1420241040,-0.1
1420241100,-0.14
1420241160,-0.18
1420241220,-0.1
1420241280,-0.14
1420241340,-0.06
1420241400,-0.14
1420241460,-0.06
1420241520,-0.1
1420241580,-0.1
1420241640,-0.14
1420241700,-0.1
1420241760,-0.1
1420241820,-0.14
1420241880,-0.14
1420241940,-0.14
1420242000,-0.14
1420242060,-0.1
1420242120,-0.1
1420242180,-0.1
1420242240,-0.14
1420242300,-0.1
1420242360,-0.06
1420242420,-0.06
1420242480,-0.14
1420242540,-0.1
1420242600,-0.1
1420242660,-0.14
1420242720,-0.14
1420242780,-0.1
1420242840,-0.1
1420242900,-0.1
1420242960,-0.1
1420243020,-0.1
1420243080,-0.1
1420243140,-0.1
1420243200,-0.14
1420243260,-0.1
1420243320,-0.06
1420243380,-0.1
1420243440,-0.14
1420243500,-0.1
1420243560,-0.14
1420243620,-0.1
1420243680,-0.1
1420243740,-0.1
1420243800,-0.1
1420243860,-0.14
1420243920,-0.1
1420243980,-0.06
1420244040,-0.1
1420244100,-0.1
1420244160,-0.1
1420244220,-0.1
1420244280,-0.14
1420244340,-0.14
1420244400,-0.1
1420244460,-0.14
1420244520,-0.14
1420244580,-0.14
1420244640,-0.18
1420244700,-0.14
1420244760,-0.06
1420244820,-0.14
1420244880,-0.14
1420244940,-0.18
1420245000,-0.1
1420245060,-0.1
1420245120,-0.1
1420245180,-0.1
1420245240,-0.14
1420245300,-0.1
1420245360,-0.1
1420245420,-0.1
1420245480,-0.14
1420245540,-0.14
1420245600,-0.14
1420245660,-0.14
1420245720,-0.14
1420245780,-0.14
1420245840,-0.1
1420245900,-0.1
1420245960,-0.06
1420246020,-0.1
1420246080,-0.1
1420246140,-0.14
1420246200,-0.14
1420246260,-0.1
1420246320,-0.1
1420246380,-0.1
1420246440,-0.1
1420246500,-0.1
1420246560,-0.14
1420246620,-0.14
1420246680,-0.14
1420246740,-0.14
1420246800,-0.1
1420246860,-0.14
1420246920,-0.14
1420246980,-0.1
1420247040,-0.1
1420247100,-0.1
1420247160,-0.14
1420247220,-0.1
1420247280,-0.06
1420247340,-0.1
1420247400,-0.14
1420247460,-0.06
1420247520,-0.14
1420247580,-0.14
1420247640,-0.1
1420247700,-0.1
1420247760,-0.14
1420247820,-0.14
1420247880,-0.1
1420247940,-0.1
1420248000,-0.1
1420248060,-0.14
1420248120,-0.1
1420248180,-0.1
1420248240,-0.1
1420248300,-0.14
1420248360,-0.1
1420248420,-0.18
1420248480,-0.14
1420248540,-0.06
1420248600,-0.14
1420248660,-0.1
1420248720,-0.1
1420248780,-0.1
1420248840,-0.14
1420248900,-0.1
1420248960,-0.1
1420249020,-0.1
1420249080,-0.1
1420249140,-0.14
1420249200,-0.1
1420249260,-0.14
1420249320,-0.14
1420249380,-0.18
1420249440,-0.1
1420249500,-0.14
1420249560,-0.1
1420249620,-0.06
1420249680,-0.1
1420249740,-0.1
1420249800,-0.06
1420249860,-0.1
1420249920,-0.1
1420249980,-0.1
1420250040,-0.14
1420250100,-0.14
1420250160,-0.1
1420250220,-0.18
1420250280,-0.1
1420250340,-0.14
1420250400,-0.1
1420250460,-0.1
1420250520,-0.1
1420250580,-0.1
1420250640,-0.14
1420250700,-0.06
1420250760,-0.14
1420250820,-0.14
1420250880,-0.14
1420250940,-0.1
1420251000,-0.1
1420251060,-0.1
1420251120,-0.1
1420251180,-0.1
1420251240,-0.18
1420251300,-0.1
1420251360,-0.1
1420251420,-0.1
1420251480,-0.14
1420251540,-0.1
1420251600,-0.06
1420251660,-0.1
1420251720,-0.14
1420251780,-0.14
1420251840,-0.1
1420251900,-0.1
1420251960,-0.18
1420252020,-0.1
1420252080,-0.14
1420252140,-0.1
1420252200,-0.18
1420252260,-0.14
1420252320,-0.14
1420252380,-0.1
1420252440,-0.18
1420252500,-0.14
1420252560,-0.14
1420252620,-0.1
1420252680,-0.06
1420252740,-0.14
1420252800,-0.1
1420252860,-0.1
1420252920,-0.1
1420252980,-0.1
1420253040,-0.1
1420253100,-0.1
1420253160,-0.1
1420253220,-0.06
1420253280,-0.14
1420253340,-0.14
1420253400,-0.06
1420253460,-0.1
1420253520,-0.14
1420253580,-0.1
1420253640,-0.1
1420253700,-0.06
1420253760,-0.06
1420253820,-0.06
1420253880,-0.06
1420253940,-0.1
1420254000,-0.1
1420254060,-0.1
1420254120,-0.1
1420254180,-0.1
1420254240,-0.14
1420254300,-0.14
1420254360,-0.1
1420254420,-0.14
1420254480,-0.14
1420254540,-0.1
1420254600,-0.1
1420254660,-0.1
1420254720,-0.1
1420254780,-0.1
1420254840,-0.14
1420254900,-0.06
1420254960,-0.1
1420255020,-0.1
1420255080,-0.1
1420255140,-0.14
1420255200,-0.1
1420255260,-0.14
1420255320,-0.1
1420255380,-0.1
1420255440,-0.18
1420255500,-0.1
1420255560,-0.1
1420255620,-0.14
1420255680,-0.1
1420255740,-0.1
1420255800,-0.1
1420255860,-0.18
1420255920,-0.1
1420255980,-0.1
1420256040,-0.1
1420256100,-0.1
1420256160,-0.14
1420256220,-0.1
1420256280,-0.06
1420256340,-0.14
1420256400,-0.02
1420256460,0.1
1420256520,0.22
1420256580,0.3
1420256640,0.42
1420256700,0.46
1420256760,0.62
1420256820,0.7
1420256880,0.74
1420256940,0.82
1420257000,0.9
1420257060,1.02
1420257120,1.1
1420257180,1.14
1420257240,1.26
1420257300,1.3
1420257360,1.3
1420257420,1.42
1420257480,1.46
1420257540,1.5
1420257600,1.58
1420257660,1.58
1420257720,1.74
1420257780,1.74
1420257840,1.78
1420257900,1.9
1420257960,1.86
1420258020,1.94
1420258080,2.02
1420258140,2.1
1420258200,2.1
1420258260,2.14
1420258320,2.18
1420258380,2.22
1420258440,2.26
1420258500,2.26
1420258560,2.3
1420258620,2.22
1420258680,2.1
1420258740,1.82
1420258800,1.1
1420258860,0.86
1420258920,0.9
1420258980,1.02
1420259040,1.02
1420259100,1.1
1420259160,1.14
1420259220,1.14
1420259280,1.18
1420259340,1.26
1420259400,1.3
1420259460,1.38
1420259520,1.42
1420259580,1.46
1420259640,1.5
1420259700,1.62
1420259760,1.66
1420259820,1.7
1420259880,1.82
1420259940,1.98
1420260000,2.06
1420260060,2.22
1420260120,2.26
1420260180,2.34
1420260240,2.46
1420260300,2.58
1420260360,2.66
1420260420,2.74
1420260480,2.82
1420260540,2.9
1420260600,2.98
1420260660,3.1
1420260720,3.22
1420260780,3.3
1420260840,3.34
1420260900,3.38
1420260960,3.42
1420261020,3.5
1420261080,3.54
1420261140,3.58
1420261200,3.58
1420261260,3.7
1420261320,3.7
1420261380,3.74
1420261440,3.74
1420261500,3.82
1420261560,3.78
1420261620,3.82
1420261680,3.82
1420261740,3.94
1420261800,3.9
1420261860,3.9
1420261920,3.82
1420261980,3.9
1420262040,3.9
1420262100,3.9
1420262160,3.94
1420262220,3.9
1420262280,3.94
1420262340,3.98
1420262400,3.94
1420262460,3.98
1420262520,3.98
1420262580,3.98
1420262640,3.98
1420262700,3.94
1420262760,3.94
1420262820,3.98
1420262880,3.98
1420262940,3.98
1420263000,3.98
1420263060,3.98
1420263120,3.98
1420263180,3.98
1420263240,3.98
1420263300,3.98
1420263360,3.98
1420263420,3.98
1420263480,3.98
1420263540,3.98
1420263600,3.98
1420263660,3.9
1420263720,3.98
1420263780,3.94
1420263840,3.98
1420263900,3.98
1420263960,3.98
1420264020,3.98
1420264080,3.98
1420264140,3.98
1420264200,4.02
1420264260,3.98
1420264320,4.02
1420264380,3.98
1420264440,3.98
1420264500,3.94
1420264560,3.98
1420264620,3.98
1420264680,3.98
1420264740,3.94
1420264800,3.98
1420264860,3.98
1420264920,3.98
1420264980,3.94
1420265040,3.98
1420265100,3.98
1420265160,3.98
1420265220,3.9
1420265280,3.94
1420265340,3.94
1420265400,3.98
1420265460,3.98
1420265520,3.98
1420265580,3.98
1420265640,3.98
1420265700,4.02
1420265760,3.98
1420265820,3.98
1420265880,3.98
1420265940,3.9
1420266000,3.98
1420266060,3.94
1420266120,3.98
1420266180,3.98
1420266240,3.98
1420266300,3.98
1420266360,3.98
1420266420,3.94
1420266480,3.98
1420266540,4.02
1420266600,3.98
1420266660,3.98
1420266720,3.98
1420266780,3.98
1420266840,3.98
1420266900,3.9
1420266960,3.98
1420267020,3.98
1420267080,3.94
1420267140,3.98
1420267200,3.98
1420267260,3.98
1420267320,3.98
1420267380,3.98
1420267440,3.98
1420267500,3.94
1420267560,3.98
1420267620,3.94
1420267680,3.98
1420267740,3.94
1420267800,3.98
1420267860,3.9
1420267920,3.94
1420267980,3.98
1420268040,3.98
1420268100,3.98
1420268160,3.94
1420268220,3.94
1420268280,3.98
1420268340,3.98
1420268400,3.98
1420268460,3.98
1420268520,3.98
1420268580,3.98
1420268640,3.98
1420268700,3.98
1420268760,3.98
1420268820,3.98
1420268880,3.98
1420268940,3.98
1420269000,3.94
1420269060,3.98
1420269120,3.98
1420269180,3.9
1420269240,4.02
1420269300,3.9
1420269360,4.02
1420269420,3.98
1420269480,3.98
1420269540,3.94
1420269600,3.94
1420269660,3.98
1420269720,3.94
1420269780,3.98
1420269840,3.98
1420269900,3.98
1420269960,3.98
1420270020,3.98
1420270080,3.98
1420270140,3.94
1420270200,3.98
1420270260,3.98
1420270320,3.98
1420270380,3.94
1420270440,3.94
1420270500,3.9
1420270560,3.98
1420270620,3.9
1420270680,3.98
1420270740,3.94
1420270800,3.98
1420270860,3.9
1420270920,3.9
1420270980,3.98
1420271040,3.98
1420271100,3.98
1420271160,3.98
1420271220,3.98
1420271280,3.98
1420271340,3.98
1420271400,3.9
1420271460,3.98
1420271520,3.98
1420271580,3.94
1420271640,3.98
1420271700,3.94
1420271760,3.98
1420271820,3.98
1420271880,3.9
1420271940,3.98
1420272000,3.9
1420272060,3.98
1420272120,3.98
1420272180,3.98
1420272240,3.98
1420272300,3.98
1420272360,3.98
1420272420,3.94
1420272480,3.98
1420272540,4.02
1420272600,3.98
1420272660,3.98
1420272720,3.94
1420272780,3.9
1420272840,3.94
1420272900,3.98
1420272960,3.94
1420273020,3.9
1420273080,3.98
1420273140,3.94
1420273200,3.98
1420273260,3.94
1420273320,3.98
1420273380,3.98
1420273440,3.98
1420273500,3.9
1420273560,3.98
1420273620,3.98
1420273680,3.98
1420273740,3.98
1420273800,3.98
1420273860,3.98
1420273920,3.98
1420273980,3.94
1420274040,3.98
1420274100,3.98
1420274160,3.94
1420274220,3.98
1420274280,3.9
1420274340,3.94
1420274400,3.98
1420274460,3.94
1420274520,3.94
1420274580,3.94
1420274640,3.9
1420274700,3.98
1420274760,3.98
1420274820,3.98
1420274880,3.98
1420274940,3.98
1420275000,3.9
1420275060,3.94
1420275120,3.98
1420275180,3.94
1420275240,3.98
1420275300,3.98
1420275360,3.98
1420275420,3.98
1420275480,3.98
1420275540,3.98
1420275600,3.94
1420275660,3.98
1420275720,3.98
1420275780,3.9
1420275840,3.98
1420275900,3.98
1420275960,3.9
1420276020,3.94
1420276080,3.9
1420276140,3.62
1420276200,3.22
1420276260,2.38
1420276320,2.14
1420276380,1.9
1420276440,1.74
1420276500,1.58
1420276560,1.46
1420276620,1.34
1420276680,1.22
1420276740,1.18
1420276800,1.14
1420276860,1.06
1420276920,0.98
1420276980,0.9
1420277040,0.9
1420277100,0.78
1420277160,0.78
1420277220,0.82
1420277280,0.74
1420277340,0.66
1420277400,0.66
1420277460,0.66
1420277520,0.62
1420277580,0.58
1420277640,0.58
1420277700,0.54
1420277760,0.58
1420277820,0.54
1420277880,0.58
1420277940,0.58
1420278000,0.5
1420278060,0.5
1420278120,0.5
1420278180,0.5
1420278240,0.54
1420278300,0.5
1420278360,0.5
1420278420,0.5
1420278480,0.5
1420278540,0.5
1420278600,0.42
1420278660,0.46
1420278720,0.42
1420278780,0.42
1420278840,0.42
1420278900,0.46
1420278960,0.42
1420279020,0.38
1420279080,0.38
1420279140,0.42
1420279200,0.38
1420279260,0.42
1420279320,0.38
1420279380,0.38
1420279440,0.38
1420279500,0.34
1420279560,0.46
1420279620,0.3
1420279680,0.38
1420279740,0.38
1420279800,0.38
1420279860,0.38
1420279920,0.3
1420279980,0.3
1420280040,0.34
1420280100,0.38
1420280160,0.34
1420280220,0.3
1420280280,0.3
1420280340,0.34
1420280400,0.34
1420280460,0.3
1420280520,0.3
1420280580,0.34
1420280640,0.38
1420280700,0.3
1420280760,0.34
1420280820,0.3
1420280880,0.3
1420280940,0.3
1420281000,0.26
1420281060,0.26
1420281120,0.26
1420281180,0.26
1420281240,0.26
1420281300,0.3
1420281360,0.26
1420281420,0.26
1420281480,0.26
1420281540,0.3
1420281600,0.26
1420281660,0.18
1420281720,0.3
1420281780,0.22
1420281840,0.22
1420281900,0.22
1420281960,0.22
1420282020,0.22
1420282080,0.18
1420282140,0.18
1420282200,0.18
1420282260,0.22
1420282320,0.22
1420282380,0.22
1420282440,0.26
1420282500,0.22
1420282560,0.18
1420282620,0.18
1420282680,0.18
1420282740,0.22
1420282800,0.18
1420282860,0.14
1420282920,0.18
1420282980,0.14
1420283040,0.18
1420283100,0.14
1420283160,0.22
1420283220,0.14
1420283280,0.18
1420283340,0.14
1420283400,0.14
1420283460,0.18
1420283520,0.14
1420283580,0.14
1420283640,0.14
1420283700,0.22
1420283760,0.18
1420283820,0.18
1420283880,0.18
1420283940,0.14
1420284000,0.14
1420284060,0.14
1420284120,0.14
1420284180,0.14
1420284240,0.14
1420284300,0.14
1420284360,0.14
1420284420,0.14
1420284480,0.14
1420284540,0.14
1420284600,0.14
1420284660,0.1
1420284720,0.1
1420284780,0.14
1420284840,0.14
1420284900,0.14
1420284960,0.14
1420285020,0.14
1420285080,0.1
1420285140,0.14
1420285200,0.1
1420285260,0.1
1420285320,0.14
1420285380,0.14
1420285440,0.22
1420285500,0.38
1420285560,0.62
1420285620,0.9
1420285680,0.9
1420285740,0.82
1420285800,0.82
1420285860,0.82
1420285920,0.78
1420285980,0.74
1420286040,0.74
1420286100,0.74
1420286160,0.62
1420286220,0.62
1420286280,0.62
1420286340,0.62
1420286400,0.62
1420286460,0.58
1420286520,0.58
1420286580,0.58
1420286640,0.5
1420286700,0.5
1420286760,0.46
1420286820,0.46
1420286880,0.46
1420286940,0.42
1420287000,0.42
1420287060,0.46
1420287120,0.42
1420287180,0.42
1420287240,0.38
1420287300,0.38
1420287360,0.38
1420287420,0.34
1420287480,0.34
1420287540,0.3
1420287600,0.34
1420287660,0.34
1420287720,0.34
1420287780,0.26
1420287840,0.26
1420287900,0.26
1420287960,0.22
1420288020,0.26
1420288080,0.26
1420288140,0.22
1420288200,0.22
1420288260,0.22
1420288320,0.18
1420288380,0.18
1420288440,0.18
1420288500,0.18
1420288560,0.14
1420288620,0.18
1420288680,0.1
1420288740,0.14
1420288800,0.14
1420288860,0.14
1420288920,0.14
1420288980,0.14
1420289040,0.1
1420289100,0.1
1420289160,0.1
1420289220,0.06
1420289280,0.1
1420289340,0.06
1420289400,0.06
1420289460,0.02
1420289520,0.02
1420289580,0.06
1420289640,0.06
1420289700,0.06
1420289760,0.02
1420289820,0.06
1420289880,0.06
1420289940,0.06
1420290000,-0.02
1420290060,0.02
1420290120,-0.02
1420290180,-0.02
1420290240,-0.02
1420290300,-0.06
1420290360,-0.02
1420290420,-0.06
1420290480,-0.02
1420290540,-0.02
1420290600,-0.02
1420290660,-0.02
1420290720,-0.02
1420290780,0.02
1420290840,-0.06
1420290900,-0.02
1420290960,-0.02
1420291020,-0.06
1420291080,-0.02
1420291140,-0.1
1420291200,-0.06
1420291260,-0.1
1420291320,-0.1
1420291380,-0.06
1420291440,-0.06
1420291500,-0.1
1420291560,-0.14
1420291620,-0.1
1420291680,-0.06
1420291740,-0.06
1420291800,-0.1
1420291860,-0.06
1420291920,-0.1
1420291980,-0.1
1420292040,-0.06
1420292100,-0.06
1420292160,-0.1
1420292220,-0.18
1420292280,-0.06
1420292340,-0.1
1420292400,-0.14
1420292460,-0.1
1420292520,-0.1
1420292580,-0.06
1420292640,-0.1
1420292700,-0.14
1420292760,-0.14
1420292820,-0.1
1420292880,-0.1
1420292940,-0.1
1420293000,-0.1
1420293060,-0.1
1420293120,-0.14
1420293180,-0.1
1420293240,-0.1
1420293300,-0.1
1420293360,-0.1
1420293420,-0.1
1420293480,-0.14
1420293540,-0.1
1420293600,-0.1
1420293660,-0.1
1420293720,-0.14
1420293780,-0.1
1420293840,-0.1
1420293900,-0.1
1420293960,-0.06
1420294020,-0.1
1420294080,-0.14
1420294140,-0.1
1420294200,-0.14
1420294260,-0.14
1420294320,-0.1
1420294380,-0.14
1420294440,-0.06
1420294500,-0.1
1420294560,-0.14
1420294620,-0.1
1420294680,-0.14
1420294740,-0.14
1420294800,-0.14
1420294860,-0.14
1420294920,-0.14
1420294980,-0.1
1420295040,-0.14
1420295100,-0.1
1420295160,-0.1
1420295220,-0.14
1420295280,-0.06
1420295340,-0.14
1420295400,-0.1
1420295460,-0.1
1420295520,-0.06
1420295580,-0.06
1420295640,-0.14
1420295700,-0.1
1420295760,-0.14
1420295820,-0.14
1420295880,-0.1
1420295940,-0.1
1420296000,-0.1
1420296060,-0.1
1420296120,-0.1
1420296180,-0.1
1420296240,-0.1
1420296300,-0.14
1420296360,-0.1
1420296420,-0.1
1420296480,-0.06
1420296540,-0.14
1420296600,-0.1
1420296660,-0.06
1420296720,-0.1
1420296780,-0.1
1420296840,-0.1
1420296900,-0.18
1420296960,-0.14
1420297020,-0.1
1420297080,-0.1
1420297140,-0.14
1420297200,-0.1
1420297260,-0.14
1420297320,-0.14
1420297380,-0.1
1420297440,-0.1
1420297500,-0.14
1420297560,-0.1
1420297620,-0.06
1420297680,-0.1
1420297740,-0.1
1420297800,-0.06
1420297860,-0.1
1420297920,-0.1
1420297980,-0.1
1420298040,-0.14
1420298100,-0.1
1420298160,-0.1
1420298220,-0.1
1420298280,-0.1
1420298340,-0.1
1420298400,-0.18
1420298460,-0.14
1420298520,-0.1
1420298580,-0.18
1420298640,-0.14
1420298700,-0.14
1420298760,-0.1
1420298820,-0.1
1420298880,-0.1
1420298940,-0.1
1420299000,-0.06
1420299060,-0.06
1420299120,-0.14
1420299180,-0.14
1420299240,-0.1
1420299300,-0.14
1420299360,-0.06
1420299420,-0.14
1420299480,-0.1
1420299540,-0.14
1420299600,-0.1
1420299660,-0.1
1420299720,-0.18
1420299780,-0.1
1420299840,-0.1
1420299900,-0.1
1420299960,-0.06
1420300020,-0.1
1420300080,-0.1
1420300140,-0.1
1420300200,-0.06
1420300260,-0.1
1420300320,-0.14
1420300380,-0.1
1420300440,-0.06
1420300500,-0.18
1420300560,-0.1
1420300620,-0.14
1420300680,-0.14
1420300740,-0.14
1420300800,-0.1
1420300860,-0.1
1420300920,-0.1
1420300980,-0.1
1420301040,-0.1
1420301100,-0.1
1420301160,-0.1
1420301220,-0.1
1420301280,-0.1
1420301340,-0.14
1420301400,-0.1
1420301460,-0.1
1420301520,-0.1
1420301580,-0.1
1420301640,-0.1
1420301700,-0.1
1420301760,-0.18
1420301820,-0.1
1420301880,-0.14
1420301940,-0.1
1420302000,-0.1
1420302060,-0.1
1420302120,-0.06
1420302180,-0.1
1420302240,-0.1
1420302300,-0.14
1420302360,-0.1
1420302420,-0.06
1420302480,-0.1
1420302540,-0.18
1420302600,-0.06
1420302660,-0.1
1420302720,-0.1
1420302780,-0.14
1420302840,-0.06
1420302900,-0.14
1420302960,-0.14
1420303020,-0.1
1420303080,-0.14
1420303140,-0.1
1420303200,-0.18
1420303260,-0.14
1420303320,-0.1
1420303380,-0.06
1420303440,-0.1
1420303500,-0.06
1420303560,-0.1
1420303620,-0.14
1420303680,-0.02
1420303740,-0.1
1420303800,-0.1
1420303860,-0.14
1420303920,-0.1
1420303980,-0.1
1420304040,-0.06
1420304100,-0.06
1420304160,-0.14
1420304220,-0.14
1420304280,-0.14
1420304340,-0.1
1420304400,-0.14
1420304460,-0.1
1420304520,-0.1
1420304580,-0.14
1420304640,-0.14
1420304700,-0.06
1420304760,-0.1
1420304820,-0.1
1420304880,-0.06
1420304940,-0.14
1420305000,-0.14
1420305060,-0.1
1420305120,-0.1
1420305180,-0.14
1420305240,-0.1
1420305300,-0.1
1420305360,-0.14
1420305420,-0.1
1420305480,-0.14
1420305540,-0.1
1420305600,-0.1
1420305660,-0.1
1420305720,-0.06
1420305780,-0.06
1420305840,-0.1
1420305900,-0.1
1420305960,-0.14
1420306020,-0.1
1420306080,-0.14
1420306140,-0.1
1420306200,-0.14
1420306260,-0.1
1420306320,-0.1
1420306380,-0.1
1420306440,-0.06
1420306500,-0.1
1420306560,-0.14
1420306620,-0.14
1420306680,-0.14
1420306740,-0.1
1420306800,-0.14
1420306860,-0.1
1420306920,-0.1
1420306980,-0.1
1420307040,-0.14
1420307100,-0.1
1420307160,-0.06
1420307220,-0.1
1420307280,-0.14
1420307340,-0.1
1420307400,-0.1
1420307460,-0.14
1420307520,-0.14
1420307580,-0.1
1420307640,-0.1
1420307700,-0.1
1420307760,-0.1
1420307820,-0.1
1420307880,-0.1
1420307940,-0.1
1420308000,-0.14
1420308060,-0.1
1420308120,-0.1
1420308180,-0.1
1420308240,-0.14
1420308300,-0.02
1420308360,-0.06
1420308420,-0.14
1420308480,-0.14
1420308540,-0.1
1420308600,-0.14
1420308660,-0.1
1420308720,-0.1
1420308780,-0.1
1420308840,-0.1
1420308900,-0.1
1420308960,-0.14
1420309020,-0.18
1420309080,-0.06
1420309140,-0.18
1420309200,-0.1
1420309260,-0.14
1420309320,-0.1
1420309380,-0.1
1420309440,-0.06
1420309500,-0.14
1420309560,-0.14
1420309620,-0.14
1420309680,-0.1
1420309740,-0.1
1420309800,-0.06
1420309860,-0.1
1420309920,-0.1
1420309980,-0.1
1420310040,-0.06
1420310100,-0.14
1420310160,-0.14
1420310220,-0.1
1420310280,-0.1
1420310340,-0.1
1420310400,-0.14
1420310460,-0.06
1420310520,-0.14
1420310580,-0.1
1420310640,-0.1
1420310700,-0.06
1420310760,-0.1
1420310820,-0.14
1420310880,-0.14
1420310940,-0.1
1420311000,-0.18
1420311060,-0.06
1420311120,-0.14
1420311180,-0.06
1420311240,-0.14
1420311300,-0.06
1420311360,-0.1
1420311420,-0.18
1420311480,-0.1
1420311540,-0.14
1420311600,-0.14
1420311660,-0.1
1420311720,-0.14
1420311780,-0.1
1420311840,-0.1
1420311900,-0.1
1420311960,-0.1
1420312020,-0.14
1420312080,-0.1
1420312140,-0.1
1420312200,-0.06
1420312260,-0.1
1420312320,-0.1
1420312380,-0.14
1420312440,-0.1
1420312500,-0.06
1420312560,-0.1
1420312620,-0.14
1420312680,-0.1
1420312740,-0.14
1420312800,-0.14
1420312860,-0.1
1420312920,-0.14
1420312980,-0.14
1420313040,-0.06
1420313100,-0.1
1420313160,-0.14
1420313220,-0.1
1420313280,-0.14
1420313340,-0.06
1420313400,-0.1
1420313460,-0.1
1420313520,-0.1
1420313580,-0.14
1420313640,-0.1
1420313700,-0.1
1420313760,-0.1
1420313820,-0.1
1420313880,-0.06
1420313940,-0.1
1420314000,-0.06
1420314060,-0.1
1420314120,-0.1
1420314180,-0.1
1420314240,-0.1
1420314300,-0.1
1420314360,-0.1
1420314420,-0.1
1420314480,-0.1
1420314540,-0.1
1420314600,-0.1
1420314660,-0.14
1420314720,-0.14
1420314780,-0.06
1420314840,-0.14
1420314900,-0.1
1420314960,-0.14
1420315020,-0.14
1420315080,-0.1
1420315140,-0.1
1420315200,-0.1
1420315260,-0.1
1420315320,-0.14
1420315380,-0.14
1420315440,-0.14
1420315500,-0.1
1420315560,-0.1
1420315620,-0.14
1420315680,-0.14
1420315740,-0.14
1420315800,-0.14
1420315860,-0.14
1420315920,-0.14
1420315980,-0.1
1420316040,-0.1
1420316100,-0.1
1420316160,-0.06
1420316220,-0.1
1420316280,-0.1
1420316340,-0.1
1420316400,-0.06
1420316460,0.1
1420316520,0.42
1420316580,0.66
1420316640,0.86
1420316700,1.1
1420316760,1.3
1420316820,1.54
1420316880,1.7
1420316940,1.82
1420317000,2.06
1420317060,2.14
1420317120,2.34
1420317180,2.46
1420317240,2.58
1420317300,2.66
1420317360,2.82
1420317420,2.86
1420317480,2.94
1420317540,3.02
1420317600,3.14
1420317660,3.14
1420317720,3.26
1420317780,3.3
1420317840,3.38
1420317900,3.5
1420317960,3.5
1420318020,3.5
1420318080,3.54
1420318140,3.66
1420318200,3.66
1420318260,3.7
1420318320,3.74
1420318380,3.78
1420318440,3.78
1420318500,3.82
1420318560,3.86
1420318620,3.86
1420318680,3.9
1420318740,3.9
1420318800,3.98
1420318860,3.98
1420318920,3.98
1420318980,3.98
1420319040,3.98
1420319100,4.02
1420319160,4.06
1420319220,4.06
1420319280,4.1
1420319340,4.1
1420319400,4.1
1420319460,4.14
1420319520,4.14
1420319580,4.14
1420319640,4.1
1420319700,4.1
1420319760,4.18
1420319820,4.14
1420319880,4.18
1420319940,4.14
1420320000,4.14
1420320060,4.18
1420320120,4.18
1420320180,4.18
1420320240,4.18
1420320300,4.18
1420320360,4.22
1420320420,4.22
1420320480,4.18
1420320540,4.22
1420320600,4.18
1420320660,4.22
1420320720,4.26
1420320780,4.22
1420320840,4.18
1420320900,4.18
1420320960,4.22
1420321020,4.26
1420321080,4.22
1420321140,4.26
1420321200,4.26
1420321260,4.22
1420321320,4.26
1420321380,4.26
1420321440,4.26
1420321500,4.22
1420321560,4.26
1420321620,4.26
1420321680,4.26
1420321740,4.26
1420321800,4.26
1420321860,4.26
1420321920,4.22
1420321980,4.26
1420322040,4.26
1420322100,4.26
1420322160,4.22
1420322220,4.3
1420322280,4.3
1420322340,4.26
1420322400,4.22
1420322460,4.3
1420322520,4.26
1420322580,4.26
1420322640,4.26
1420322700,4.26
1420322760,4.26
1420322820,4.26
1420322880,4.22
1420322940,4.26
1420323000,4.26
1420323060,4.18
1420323120,4.3
1420323180,4.3
1420323240,4.26
1420323300,4.22
1420323360,4.26
1420323420,4.26
1420323480,4.26
1420323540,4.26
1420323600,4.3
1420323660,4.26
1420323720,4.18
1420323780,4.22
1420323840,4.26
1420323900,4.26
1420323960,4.22
1420324020,4.26
1420324080,4.26
1420324140,4.22
1420324200,4.22
1420324260,4.26
1420324320,4.3
1420324380,4.22
1420324440,4.3
1420324500,4.26
1420324560,4.22
1420324620,4.26
1420324680,4.3
1420324740,4.26
1420324800,4.22
1420324860,4.26
1420324920,4.26
1420324980,4.26
1420325040,4.3
1420325100,4.22
1420325160,4.22
1420325220,4.26
1420325280,4.26
1420325340,4.22
1420325400,4.26
1420325460,4.26
1420325520,4.26
1420325580,4.26
1420325640,4.26
1420325700,4.26
1420325760,4.22
1420325820,4.22
1420325880,4.22
1420325940,4.22
1420326000,4.26
1420326060,4.18
1420326120,4.3
1420326180,4.18
1420326240,4.26
1420326300,4.22
1420326360,4.18
1420326420,4.26
1420326480,4.22
1420326540,4.22
1420326600,4.22
1420326660,4.18
1420326720,4.18
1420326780,4.18
1420326840,4.14
1420326900,4.14
1420326960,4.14
1420327020,4.06
1420327080,4.06
1420327140,4.02
1420327200,4.02
1420327260,3.98
1420327320,3.94
1420327380,3.78
1420327440,3.7
1420327500,3.42
1420327560,3.18
1420327620,2.58
1420327680,1.5
1420327740,0.66
1420327800,0.82
1420327860,0.98
1420327920,1.02
1420327980,1.06
1420328040,0.9
1420328100,0.82
1420328160,0.82
1420328220,0.86
1420328280,0.9
1420328340,0.98
1420328400,1.02
1420328460,1.02
1420328520,1.02
1420328580,1.18
1420328640,1.14
1420328700,1.22
1420328760,1.26
1420328820,1.26
1420328880,1.26
1420328940,1.42
1420329000,1.42
1420329060,1.46
1420329120,1.54
1420329180,1.62
1420329240,1.7
1420329300,1.74
1420329360,1.86
1420329420,1.98
1420329480,2.1
1420329540,2.22
1420329600,2.3
1420329660,2.42
1420329720,2.54
1420329780,2.62
1420329840,2.74
1420329900,2.82
1420329960,2.9
1420330020,2.98
1420330080,3.14
1420330140,3.26
1420330200,3.34
1420330260,3.42
1420330320,3.5
1420330380,3.54
1420330440,3.62
1420330500,3.7
1420330560,3.78
1420330620,3.82
1420330680,3.94
1420330740,3.9
1420330800,3.98
1420330860,3.98
1420330920,3.98
1420330980,4.06
1420331040,4.02
1420331100,4.14
1420331160,4.14
1420331220,4.14
1420331280,4.18
1420331340,4.22
1420331400,4.22
1420331460,4.22
1420331520,4.22
1420331580,4.22
1420331640,4.26
1420331700,4.22
1420331760,4.26
1420331820,4.26
1420331880,4.22
1420331940,4.26
1420332000,4.22
1420332060,4.22
1420332120,4.26
1420332180,4.26
1420332240,4.26
1420332300,4.26
1420332360,4.3
1420332420,4.3
1420332480,4.26
1420332540,4.26
1420332600,4.26
1420332660,4.26
1420332720,4.3
1420332780,4.26
1420332840,4.26
1420332900,4.3
1420332960,4.22
1420333020,4.26
1420333080,4.3
1420333140,4.26
1420333200,4.26
1420333260,4.3
1420333320,4.3
1420333380,4.3
1420333440,4.26
1420333500,4.34
1420333560,4.26
1420333620,4.3
1420333680,4.26
1420333740,4.26
1420333800,4.26
1420333860,3.82
1420333920,3.38
1420333980,2.34
1420334040,2.14
1420334100,1.98
1420334160,1.74
1420334220,1.58
1420334280,1.42
1420334340,1.38
1420334400,1.26
1420334460,1.14
1420334520,1.1
1420334580,1.06
1420334640,0.94
1420334700,0.94
1420334760,0.82
1420334820,0.9
1420334880,0.78
1420334940,0.74
1420335000,0.74
1420335060,0.7
1420335120,0.66
1420335180,0.62
1420335240,0.62
1420335300,0.58
1420335360,0.58
1420335420,0.58
1420335480,0.5
1420335540,0.54
1420335600,0.54
1420335660,0.54
1420335720,0.54
1420335780,0.5
1420335840,0.5
1420335900,0.54
1420335960,0.42
1420336020,0.42
1420336080,0.5
1420336140,0.46
1420336200,0.42
1420336260,0.42
1420336320,0.42
1420336380,0.42
1420336440,0.42
1420336500,0.42
1420336560,0.42
1420336620,0.38
1420336680,0.38
1420336740,0.42
1420336800,0.42
1420336860,0.42
1420336920,0.38
1420336980,0.34
1420337040,0.38
1420337100,0.38
1420337160,0.38
1420337220,0.34
1420337280,0.38
1420337340,0.38
1420337400,0.34
1420337460,0.34
1420337520,0.38
1420337580,0.34
1420337640,0.38
1420337700,0.3
1420337760,0.3
1420337820,0.38
1420337880,0.3
1420337940,0.26
1420338000,0.3
1420338060,0.3
1420338120,0.34
1420338180,0.3
1420338240,0.26
1420338300,0.34
1420338360,0.26
1420338420,0.26
1420338480,0.3
1420338540,0.26
1420338600,0.22
1420338660,0.26
1420338720,0.34
1420338780,0.22
1420338840,0.3
1420338900,0.3
1420338960,0.26
1420339020,0.26
1420339080,0.26
1420339140,0.26
1420339200,0.22
1420339260,0.22
1420339320,0.26
1420339380,0.22
1420339440,0.26
1420339500,0.22
1420339560,0.22
1420339620,0.26
1420339680,0.26
1420339740,0.22
1420339800,0.22
1420339860,0.22
1420339920,0.22
1420339980,0.22
1420340040,0.22
1420340100,0.26
1420340160,0.22
1420340220,0.18
1420340280,0.22
1420340340,0.22
1420340400,0.22
1420340460,0.22
1420340520,0.18
1420340580,0.22
1420340640,0.18
1420340700,0.18
1420340760,0.22
1420340820,0.22
1420340880,0.22
1420340940,0.22
1420341000,0.18
1420341060,0.22
1420341120,0.18
1420341180,0.22
1420341240,0.22
1420341300,0.22
1420341360,0.22
1420341420,0.18
1420341480,0.22
1420341540,0.22
1420341600,0.22
1420341660,0.22
1420341720,0.22
1420341780,0.22
1420341840,0.22
1420341900,0.14
1420341960,0.22
1420342020,0.22
1420342080,0.14
1420342140,0.18
1420342200,0.18
1420342260,0.18
1420342320,0.22
1420342380,0.22
1420342440,0.22
1420342500,0.22
1420342560,0.38
1420342620,0.62
1420342680,0.9
1420342740,1.02
1420342800,0.9
1420342860,0.94
1420342920,0.82
1420342980,0.86
1420343040,0.82
1420343100,0.78
1420343160,0.78
1420343220,0.74
1420343280,0.74
1420343340,0.7
1420343400,0.74
1420343460,0.62
1420343520,0.58
1420343580,0.62
1420343640,0.58
1420343700,0.58
1420343760,0.62
1420343820,0.54
1420343880,0.54
1420343940,0.58
1420344000,0.54
1420344060,0.5
1420344120,0.5
1420344180,0.46
1420344240,0.46
1420344300,0.46
1420344360,0.42
1420344420,0.38
1420344480,0.42
1420344540,0.42
1420344600,0.38
1420344660,0.34
1420344720,0.38
1420344780,0.34
1420344840,0.3
1420344900,0.34
1420344960,0.3
1420345020,0.26
1420345080,0.3
1420345140,0.26
1420345200,0.26
1420345260,0.26
1420345320,0.22
1420345380,0.26
1420345440,0.22
1420345500,0.22
1420345560,0.18
1420345620,0.18
1420345680,0.22
1420345740,0.18
1420345800,0.18
1420345860,0.14
1420345920,0.14
1420345980,0.14
1420346040,0.14
1420346100,0.18
1420346160,0.14
1420346220,0.1
1420346280,0.14
1420346340,0.14
1420346400,0.14
1420346460,0.1
1420346520,0.06
1420346580,0.06
1420346640,0.1
1420346700,0.1
1420346760,0.06
1420346820,0.1
1420346880,0.02
1420346940,0.06
1420347000,0.02
1420347060,0.02
1420347120,0.02
1420347180,0.02
1420347240,-0.02
1420347300,0.02
1420347360,0.02
1420347420,-0.06
1420347480,0.02
1420347540,-0.02
1420347600,-0.02
1420347660,-0.02
1420347720,-0.06
1420347780,-0.02
1420347840,-0.06
1420347900,-0.02
1420347960,-0.02
1420348020,-0.02
1420348080,-0.02
1420348140,-0.02
1420348200,-0.1
1420348260,-0.02
1420348320,-0.02
1420348380,-0.02
1420348440,-0.02
1420348500,-0.06
1420348560,-0.06
1420348620,-0.06
1420348680,-0.06
1420348740,-0.06
1420348800,-0.06
1420348860,-0.14
1420348920,-0.06
1420348980,-0.1
1420349040,-0.1
1420349100,-0.06
1420349160,-0.14
1420349220,-0.1
1420349280,-0.14
1420349340,-0.06
1420349400,-0.14
1420349460,-0.14
1420349520,-0.1
1420349580,-0.1
1420349640,-0.1
1420349700,-0.18
1420349760,-0.14
1420349820,-0.14
1420349880,-0.1
1420349940,-0.1
1420350000,-0.14
1420350060,-0.1
1420350120,-0.1
1420350180,-0.14
1420350240,-0.1
1420350300,-0.1
1420350360,-0.14
1420350420,-0.1
1420350480,-0.14
1420350540,-0.1
1420350600,-0.14
1420350660,-0.1
1420350720,-0.14
1420350780,-0.1
1420350840,-0.06
1420350900,-0.1
1420350960,-0.14
1420351020,-0.1
1420351080,-0.14
1420351140,-0.1
1420351200,-0.14
1420351260,-0.1
1420351320,-0.14
1420351380,-0.14
1420351440,-0.1
1420351500,-0.14
1420351560,-0.1
1420351620,-0.14
1420351680,-0.1
1420351740,-0.14
1420351800,-0.1
1420351860,-0.1
1420351920,-0.1
1420351980,-0.14
1420352040,-0.14
1420352100,-0.06
1420352160,-0.1
1420352220,-0.14
1420352280,-0.22
1420352340,-0.14
1420352400,-0.14
1420352460,-0.14
1420352520,-0.14
1420352580,-0.14
1420352640,-0.14
1420352700,-0.1
1420352760,-0.1
1420352820,-0.14
1420352880,-0.14
1420352940,-0.14
1420353000,-0.14
1420353060,-0.1
1420353120,-0.1
1420353180,-0.1
1420353240,-0.1
1420353300,-0.14
1420353360,-0.1
1420353420,-0.14
1420353480,-0.14
1420353540,-0.14
1420353600,-0.1
1420353660,-0.14
1420353720,-0.14
1420353780,-0.06
1420353840,-0.14
1420353900,-0.14
1420353960,-0.1
1420354020,-0.1
1420354080,-0.14
1420354140,-0.1
1420354200,-0.1
1420354260,-0.1
1420354320,-0.1
1420354380,-0.14
1420354440,-0.14
1420354500,-0.14
1420354560,-0.14
1420354620,-0.14
1420354680,-0.1
1420354740,-0.14
1420354800,-0.14
1420354860,-0.06
1420354920,-0.06
1420354980,-0.1
1420355040,-0.1
1420355100,-0.06
1420355160,-0.1
1420355220,-0.06
1420355280,-0.14
1420355340,-0.1
1420355400,-0.1
1420355460,-0.1
1420355520,-0.14
1420355580,-0.14
1420355640,-0.1
1420355700,-0.1
1420355760,-0.1
1420355820,-0.1
1420355880,-0.14
1420355940,-0.1
1420356000,-0.14
1420356060,-0.1
1420356120,-0.14
1420356180,-0.06
1420356240,-0.14
1420356300,-0.14
1420356360,-0.14
1420356420,-0.1
1420356480,-0.14
1420356540,-0.1
1420356600,-0.14
1420356660,-0.14
1420356720,-0.06
1420356780,-0.1
1420356840,-0.1
1420356900,-0.14
1420356960,-0.1
1420357020,-0.14
1420357080,-0.14
1420357140,-0.14
1420357200,-0.14
1420357260,-0.1
1420357320,-0.14
1420357380,-0.1
1420357440,-0.14
1420357500,-0.1
1420357560,-0.1
1420357620,-0.1
1420357680,-0.1
1420357740,-0.14
1420357800,-0.1
1420357860,-0.14
1420357920,-0.06
1420357980,-0.06
1420358040,-0.02
1420358100,-0.1
1420358160,-0.06
1420358220,-0.1
1420358280,-0.1
1420358340,-0.1
1420358400,-0.14
1420358460,-0.06
1420358520,-0.14
1420358580,-0.1
1420358640,-0.1
1420358700,-0.1
1420358760,-0.18
1420358820,-0.14
1420358880,-0.14
1420358940,-0.14
1420359000,-0.1
1420359060,-0.14
1420359120,-0.1
1420359180,-0.14
1420359240,-0.1
1420359300,-0.1
1420359360,-0.06
1420359420,-0.1
1420359480,-0.1
1420359540,-0.1
1420359600,-0.1
1420359660,-0.1
1420359720,-0.06
1420359780,-0.14
1420359840,-0.14
1420359900,-0.06
1420359960,-0.1
1420360020,-0.14
1420360080,-0.1
1420360140,-0.1
1420360200,-0.14
1420360260,-0.06
1420360320,-0.1
1420360380,-0.1
1420360440,-0.1
1420360500,-0.1
1420360560,-0.18
1420360620,-0.14
1420360680,-0.1
1420360740,-0.14
1420360800,-0.14
1420360860,-0.1
1420360920,-0.14
1420360980,-0.14
1420361040,-0.14
1420361100,-0.14
1420361160,-0.1
1420361220,-0.1
1420361280,-0.1
1420361340,-0.14
1420361400,-0.1
1420361460,-0.1
1420361520,-0.14
1420361580,-0.1
1420361640,-0.1
1420361700,-0.14
1420361760,-0.1
1420361820,-0.14
1420361880,-0.1
1420361940,-0.14
1420362000,-0.1
1420362060,-0.14
1420362120,-0.1
1420362180,-0.06
1420362240,-0.14
1420362300,-0.14
1420362360,-0.06
1420362420,-0.14
1420362480,-0.1
1420362540,-0.18
1420362600,-0.1
1420362660,-0.1
1420362720,-0.14
1420362780,-0.1
1420362840,-0.1
1420362900,-0.14
1420362960,-0.14
1420363020,-0.14
1420363080,-0.1
1420363140,-0.1
1420363200,-0.1
1420363260,-0.1
1420363320,-0.06
1420363380,-0.14
1420363440,-0.1
1420363500,-0.1
1420363560,-0.14
1420363620,-0.1
1420363680,-0.14
1420363740,-0.14
1420363800,-0.14
1420363860,-0.14
1420363920,-0.06
1420363980,-0.1
1420364040,-0.1
1420364100,-0.14
1420364160,-0.1
1420364220,-0.14
1420364280,-0.1
1420364340,-0.1
1420364400,-0.1
1420364460,-0.14
1420364520,-0.1
1420364580,-0.1
1420364640,-0.1
1420364700,-0.1
1420364760,-0.1
1420364820,-0.06
1420364880,-0.06
1420364940,-0.14
1420365000,-0.1
1420365060,-0.14
1420365120,-0.1
1420365180,-0.1
1420365240,-0.14
1420365300,-0.1
1420365360,-0.1
1420365420,-0.14
1420365480,-0.1
1420365540,-0.1
1420365600,-0.1
1420365660,-0.1
1420365720,-0.14
1420365780,-0.1
1420365840,-0.14
1420365900,-0.14
1420365960,-0.1
1420366020,-0.1
1420366080,-0.14
1420366140,-0.14
1420366200,-0.1
1420366260,-0.14
1420366320,-0.1
1420366380,-0.1
1420366440,-0.14
1420366500,-0.1
1420366560,-0.1
1420366620,-0.14
1420366680,-0.1
1420366740,-0.1
1420366800,-0.18
1420366860,-0.18
1420366920,-0.1
1420366980,-0.1
1420367040,-0.06
1420367100,-0.14
1420367160,-0.1
1420367220,-0.1
1420367280,-0.14
1420367340,-0.1
1420367400,-0.1
1420367460,-0.1
1420367520,-0.14
1420367580,-0.1
1420367640,-0.14
1420367700,-0.1
1420367760,-0.1
1420367820,-0.1
1420367880,-0.14
1420367940,-0.1
1420368000,-0.14
1420368060,-0.1
1420368120,-0.1
1420368180,-0.1
1420368240,-0.14
1420368300,-0.14
1420368360,-0.14
1420368420,-0.14
1420368480,-0.14
1420368540,-0.14
1420368600,-0.1
1420368660,-0.06
1420368720,-0.14
1420368780,-0.1
1420368840,-0.1
1420368900,-0.1
1420368960,-0.14
1420369020,-0.14
1420369080,-0.1
1420369140,-0.14
1420369200,-0.1
1420369260,-0.14
1420369320,-0.14
1420369380,-0.06
1420369440,-0.14
1420369500,-0.14
1420369560,-0.18
1420369620,-0.14
1420369680,-0.06
1420369740,-0.14
1420369800,-0.14
1420369860,-0.06
1420369920,-0.1
1420369980,-0.1
1420370040,-0.1
1420370100,-0.14
1420370160,-0.1
1420370220,-0.1
1420370280,-0.1
1420370340,-0.1
